x,y,velocity_x,velocity_y,velocity_z,angular_velocity_x,angular_velocity_y,angular_velocity_z,v,yaw,time,x_ped,y_ped,steer,brake,throttle
-143.0,-4.0,0.0,0.0,-0.9800000786781311,0.0,0.0,0.0,0.0,-179.99996948242188,0.2,0.0,0.0,0.045172352343797684,0.0,0.0
-143.0,-4.0,0.0,0.0,-1.9600002765655518,0.0,0.0,0.0,0.0,-179.99996948242188,0.3,-259.0,9.990033149719238,0.045172352343797684,0.0,0.0
-143.0,-4.0,0.0,0.0,-2.940000295639038,0.0,0.0,0.0,0.0,-179.99996948242188,0.4,-259.0,9.966778755187988,0.045172352343797684,0.0,0.0
-143.0,-4.0,0.0,0.0,-3.919999361038208,0.0,0.0,0.0,0.0,-179.99996948242188,0.5,-259.0,9.930234909057617,0.045172352343797684,0.0,0.0
-143.0,-4.0,3.0334069833770627e-07,4.97945165989222e-07,-2.2274656295776367,-4.860645640292205e-05,-2.112660695274826e-05,-1.3366106031753588e-05,5.830651486755499e-07,-179.99996948242188,0.6,-259.0,9.880402565002441,-0.0024841513950377703,0.0,0.0
-143.00111389160156,-4.000032901763916,0.0025632246397435665,0.011298713274300098,0.4248988926410675,-1.0585976839065552,1.064786434173584,-0.001891896827146411,0.011585812108291493,179.999755859375,0.7,-259.0,9.817281723022461,-0.0024841513950377703,0.0,0.0
-143.00135803222656,-3.999994993209839,-0.0005839865771122277,-0.002643679268658161,0.5692771673202515,0.3049238324165344,-0.24064120650291443,0.0005323207005858421,0.0027074121218943017,179.99964904785156,0.8,-259.0,9.740872383117676,-0.0024841513950377703,0.0,0.0
-143.00086975097656,-3.999925374984741,-0.0014602139126509428,-0.006887215655297041,0.4492137134075165,0.6097568273544312,-0.610308825969696,0.0009156627929769456,0.00704030994724437,179.99989318847656,0.9,-259.0,9.652685165405273,-0.0024841513950377703,0.0,0.0
-143.00030517578125,-3.999929189682007,-0.0011649855878204107,-0.005628175102174282,0.23977120220661163,0.4551658034324646,-0.49230390787124634,0.00031778065022081137,0.005747481744256676,-179.9999542236328,1.0,-259.0,9.562685012817383,-0.0024841513950377703,0.0,0.0
-142.99998474121094,-3.99995756149292,-0.0005817440687678754,-0.002821984002366662,0.05663129687309265,0.216394305229187,-0.24762651324272156,2.713252615649253e-05,0.0028813225906100773,-179.9999542236328,1.1,-259.0,9.472684860229492,-0.0024841513950377703,0.0,0.0
-142.99981689453125,-3.99997615814209,-0.00013544551620725542,-0.0006849068449810147,-0.051877398043870926,0.04792862385511398,-0.057966750115156174,-5.666968718287535e-06,0.0006981710923280179,-179.9999542236328,1.2,-259.0,9.382684707641602,-0.0024002259597182274,0.0,0.0
-142.99981689453125,-3.9999821186065674,7.957183697726578e-05,0.0003029004146810621,-0.0881001278758049,-0.027820831164717674,0.0337645597755909,3.4160862014687154e-06,0.000313177806451696,-179.9999542236328,1.3,-259.0,9.292684555053711,-0.0023834409657865763,0.0,0.18858903646469116
-142.9998779296875,-3.9999828338623047,0.0001241242716787383,0.0004950993461534381,-0.07668223977088928,-0.041358910501003265,0.052780721336603165,1.9296505797683494e-06,0.0005104215878872475,-179.9999542236328,1.4,-259.0,9.20268440246582,-0.002165235811844468,0.0,0.46758121252059937
-142.99993896484375,-3.9999821186065674,8.912410703487694e-05,0.00035047769779339433,-0.04555385559797287,-0.028611060231924057,0.037914253771305084,-8.715431931705098e-08,0.0003616320272118083,-179.9999542236328,1.5,-259.0,9.112685203552246,-0.0009063730831257999,0.0,0.5929484367370605
-142.99996948242188,-3.9999969005584717,3.990348704974167e-05,1.5774279745528474e-05,-0.015050782822072506,-0.012523510493338108,0.017036832869052887,9.653128927311627e-07,4.2908229749304396e-05,-179.9999542236328,1.6,-259.0,9.022685050964355,-0.0009567272500135005,0.0,0.6780760884284973
-142.99998474121094,-4.000002861022949,5.875301212654449e-06,2.8605478519239114e-07,0.005017118528485298,-0.000731485488358885,0.0025258157402276993,4.255646217643516e-07,5.882260762627776e-06,-179.9999542236328,1.7,-259.0,8.932684898376465,-0.0020980958361178637,0.0,0.7067509293556213
-142.99998474121094,-4.000002861022949,0.0,0.0,0.0,0.0,0.0,0.0,0.0,-179.9999542236328,1.8,-259.0,8.842684745788574,-0.0017288277158513665,0.0,0.7095722556114197
-142.99996948242188,-3.9999992847442627,-9.099509043153375e-06,-3.346952325955499e-06,0.008730373345315456,0.002360335784032941,-0.0038721072487533092,-7.589478911995684e-08,9.695522404628282e-06,-179.9999542236328,1.9,-259.0,8.752684593200684,-0.0017120428383350372,0.0,0.712385356426239
-143.03602600097656,-3.9999632835388184,-0.9551414251327515,0.000991934328339994,0.009794235229492188,0.011793647892773151,1.89249849319458,-0.028199682012200356,0.9551419402048762,179.9988555908203,2.0,-259.0,8.662684440612793,-0.0017120428383350372,0.0,0.7290943264961243
-143.19277954101562,-3.9998104572296143,-1.9473103284835815,0.0022545773535966873,0.007071018218994141,0.008766070008277893,1.5500383377075195,-0.055708203464746475,1.9473116336472387,179.99441528320312,2.1,-259.0,8.572684288024902,-0.001695257960818708,0.0,0.766995370388031
-143.42591857910156,-3.999565601348877,-2.599500894546509,0.0033201000187546015,0.003369817743077874,0.0023563101422041655,0.27672433853149414,-0.07221740484237671,2.5995030147726763,179.98788452148438,2.2,-259.0,8.482685089111328,-0.001695257960818708,0.0,0.800000011920929
-143.7157440185547,-3.9992282390594482,-3.13795804977417,0.0044219461269676685,0.0004273700760677457,-0.0006275171763263643,-0.4635463356971741,-0.08603481948375702,3.137961165430519,179.97988891601562,2.3,-259.0,8.392684936523438,-0.0015441944124177098,0.0,0.800000011920929
-144.05653381347656,-3.9988086223602295,-3.6373465061187744,0.005297370254993439,-0.0011674213455989957,-0.002414153190329671,-0.5997775793075562,-0.0899880900979042,3.6373503636171858,179.97132873535156,2.4,-259.0,8.302684783935547,-0.000973511952906847,0.0,0.800000011920929
-144.4462432861328,-3.998375415802002,-4.118671894073486,0.005095051601529121,-0.001580638810992241,-0.007135326974093914,-0.4323408007621765,-0.06390481442213058,4.118675045519093,179.9646759033203,2.5,-259.0,8.212684631347656,0.00041961678653024137,0.0,0.800000011920929
-144.88372802734375,-3.99812388420105,-4.590205669403076,0.0020536407828330994,-0.0012105273781344295,-0.019435308873653412,-0.21183598041534424,0.029300617054104805,4.590206128798641,179.9658660888672,2.6,-259.0,8.122684478759766,0.0018463218584656715,0.0,0.800000011920929
-145.36822509765625,-3.998213768005371,-5.055487155914307,-0.002804469084367156,0.0018531512469053268,-0.024311823770403862,-0.0613660104572773,0.14429567754268646,5.055487933786547,179.977783203125,2.7,-259.0,8.032684326171875,0.001947031356394291,0.0,0.800000011920929
-145.89910888671875,-3.99853777885437,-5.515642166137695,-0.005296449642628431,0.0012056732084602118,0.002284425310790539,0.015059222467243671,0.16709698736667633,5.515644709121042,179.99374389648438,2.8,-259.0,7.942684650421143,0.0017288277158513665,0.0,0.800000011920929
-146.47581481933594,-3.999014139175415,-5.971508026123047,-0.0068340180441737175,0.00042920111445710063,0.01376829668879509,0.027278125286102295,0.16043637692928314,5.971511936675217,-179.99037170410156,2.9,-259.0,7.85268497467041,-0.0001678466796875,0.0,0.800000011920929
-147.0978546142578,-3.999241352081299,-6.423303127288818,-0.001890441169962287,-0.0001997661602217704,0.04690585657954216,0.012914535589516163,-0.009529327042400837,6.42330340547651,-179.98765563964844,3.0,-259.0,7.7626848220825195,-0.0025512916035950184,0.0,0.800000011920929
-147.7648468017578,-3.9987783432006836,-6.871102809906006,0.00836329348385334,-0.0001822090125642717,0.06213230639696121,-0.00436458270996809,-0.2562955319881439,6.8711078996749935,179.99256896972656,3.1,-259.0,7.672684669494629,-0.0027023579459637403,0.0,0.800000011920929
-148.47637939453125,-3.997774362564087,-7.314979553222656,0.014121630229055882,-0.00012207984400447458,0.007604516576975584,-0.014886694960296154,-0.29867881536483765,7.3149931841735745,179.9640350341797,3.2,-259.0,7.5826849937438965,-0.0024002259597182274,0.0,0.800000011920929
-149.23207092285156,-3.996370553970337,-7.754963397979736,0.018144957721233368,-0.00012920379231218249,-0.021240781992673874,-0.018406271934509277,-0.2835187315940857,7.754984625613137,179.93563842773438,3.3,-259.0,7.492684841156006,-0.002316300757229328,0.0,0.800000011920929
-150.03158569335938,-3.9945356845855713,-8.191079139709473,0.022653885185718536,-0.00012288092693779618,-0.016049014404416084,-0.01822785660624504,-0.2865230441093445,8.191110466322481,179.9073028564453,3.4,-259.0,7.402684688568115,-0.002148450817912817,0.0,0.800000011920929
-150.8744659423828,-3.9922502040863037,-8.623366355895996,0.027058392763137817,-8.698463352629915e-05,-0.00837536808103323,-0.016733678057789803,-0.2795485258102417,8.6234088076942,179.87940979003906,3.5,-259.0,7.312684535980225,-0.0020813108421862125,0.0,0.800000011920929
-151.76036071777344,-3.989473581314087,-9.051855087280273,0.03209466114640236,-3.318786548334174e-05,0.0008844935218803585,-0.015233482234179974,-0.28214555978775024,9.051911985232504,179.8514862060547,3.6,-259.0,7.222684860229492,-0.0020813108421862125,0.0,0.800000011920929
-152.68893432617188,-3.9861419200897217,-9.47657585144043,0.037924714386463165,1.86729430424748e-05,0.007623731158673763,-0.014598365873098373,-0.29312199354171753,9.476651737405211,179.82266235351562,3.7,-259.0,7.132684707641602,-0.0020813108421862125,0.0,0.800000011920929
-153.65975952148438,-3.9821953773498535,-9.89755916595459,0.044409651309251785,5.6619643146404997e-05,0.009259873069822788,-0.014190117828547955,-0.30470287799835205,9.897658796942897,179.79273986816406,3.8,-259.0,7.042684555053711,-0.0020813108421862125,0.0,0.800000011920929
-154.67247009277344,-3.977572202682495,-10.314837455749512,0.051532067358493805,6.640434003202245e-05,0.008886042051017284,-0.014066492207348347,-0.31615981459617615,10.314966179900896,179.7616424560547,3.9,-259.0,6.9526848793029785,-0.0019134614849463105,0.0,0.800000011920929
-155.7267303466797,-3.9722607135772705,-10.728445053100586,0.058415964245796204,4.5080185373080894e-05,0.0024791210889816284,-0.01398595329374075,-0.30459994077682495,10.728604088243596,179.7310028076172,4.0,-259.0,6.862684726715088,-0.00010070800635730848,0.0,0.800000011920929
-156.82212829589844,-3.9667484760284424,-11.138449668884277,0.056667760014534,-0.00010410308459540829,-0.05792192369699478,-0.013522769324481487,-0.05995605140924454,11.13859381884865,179.7176971435547,4.1,-259.0,6.772684574127197,0.0025345066096633673,0.0,0.800000011920929
-157.95828247070312,-3.9617278575897217,-11.544998168945312,0.04431615397334099,0.0019797992426902056,0.07428961247205734,-0.10646003484725952,0.3878398835659027,11.54508322371275,179.740966796875,4.2,-259.0,6.682684898376465,0.00397805031388998,0.0,0.800000011920929
-159.1349639892578,-3.9580440521240234,-11.947749137878418,0.028781220316886902,-5.315780435921624e-05,-0.14448435604572296,0.006221094634383917,0.641647219657898,11.947783803715122,179.7969970703125,4.3,-259.0,6.592684745788574,0.00397805031388998,0.0,0.800000011920929
-160.3517303466797,-3.955578565597534,-12.346982955932617,0.014516296796500683,0.00016126631817314774,-0.05347038805484772,-0.0032847742550075054,0.7012279033660889,12.346991489304722,179.8649444580078,4.4,-259.0,6.502684593200684,0.00397805031388998,0.0,0.800000011920929
-161.60821533203125,-3.954498291015625,-12.742680549621582,-0.0008507142774760723,0.00015665053797420114,-0.011129769496619701,-0.010765769518911839,0.7281765341758728,12.742680578018856,179.93666076660156,4.5,-259.0,6.412684917449951,0.00397805031388998,0.0,0.800000011920929
-162.90408325195312,-3.9549717903137207,-13.134855270385742,-0.017306940630078316,7.439612818416208e-05,-0.0005575105315074325,-0.014252160675823689,0.7489302158355713,13.134866672493258,-179.98931884765625,4.6,-259.0,6.3226847648620605,0.00397805031388998,0.0,0.800000011920929
-164.2389373779297,-3.9571373462677,-13.523533821105957,-0.034926123917102814,3.8051605315558845e-06,-0.0033341110683977604,-0.014972318895161152,0.7681971192359924,13.523578921451545,-179.91334533691406,4.7,-259.0,6.23268461227417,0.00397805031388998,0.0,0.800000011920929
-165.61251831054688,-3.961127758026123,-13.908735275268555,-0.05383351817727089,-1.77669517142931e-05,-0.009201857261359692,-0.014220106415450573,0.7868629097938538,13.908839455726678,-179.8354949951172,4.8,-259.0,6.1426849365234375,0.003877335926517844,0.0,0.800000011920929
-167.0244140625,-3.967045545578003,-14.290492057800293,-0.07354043424129486,-8.678435733600054e-06,-0.009554516524076462,-0.013376730494201183,0.7893959879875183,14.290681280104236,-179.75685119628906,4.9,-259.0,6.052684783935547,0.0038101933896541595,0.0,0.800000011920929
-168.47427368164062,-3.974998712539673,-14.66882038116455,-0.09440596401691437,1.1901855032192543e-05,-0.010757495649158955,-0.012704859487712383,0.7927402853965759,14.6691241681605,-179.67791748046875,5.0,-259.0,5.962684631347656,0.0028198540676385164,0.0,0.800000011920929
-169.9617919921875,-3.984797954559326,-15.043816566467285,-0.11088521778583527,-4.081726001459174e-05,0.027049696072936058,-0.012142913416028023,0.6485346555709839,15.044225218237028,-179.6083526611328,5.1,-259.0,5.872684955596924,0.0006546024233102798,0.0,0.800000011920929
-171.48667907714844,-3.995753049850464,-15.415550231933594,-0.11678285151720047,-0.00024466513423249125,0.10135902464389801,-0.011216807179152966,0.27388250827789307,15.415992578737068,-179.56825256347656,5.2,-259.0,5.782684803009033,-0.0012756375363096595,0.0,0.800000011920929
-173.04847717285156,-4.007124900817871,-15.784482955932617,-0.1103794202208519,0.008244342170655727,-0.73502516746521,-0.4184376895427704,-0.008342048153281212,15.784868887720783,-179.5655517578125,5.3,-259.0,5.692684650421143,-0.0014099158579483628,0.0,0.800000011920929
-174.64703369140625,-4.018038749694824,-16.14940071105957,-0.11100113391876221,-0.0011108207982033491,0.1317054182291031,0.021361535415053368,-0.23269829154014587,16.149782183611723,-179.58091735839844,5.4,-259.0,5.60268497467041,-0.0014099158579483628,0.0,0.800000011920929
-176.2819061279297,-4.029102325439453,-16.511329650878906,-0.10827535390853882,-0.00018958091095555574,0.06307827681303024,0.01429310254752636,-0.2967270314693451,16.511684662452133,-179.60830688476562,5.5,-259.0,5.5126848220825195,-0.0014099158579483628,0.0,0.800000011920929
-177.95294189453125,-4.039808750152588,-16.867673873901367,-0.10309282690286636,0.025775108486413956,0.04584452882409096,0.887765109539032,-0.31997817754745483,16.867988915316893,-179.63937377929688,5.6,-259.0,5.422684669494629,-0.0014099158579483628,0.0,0.800000011920929
-179.6617889404297,-4.050104141235352,-17.21575355529785,-0.09490810334682465,0.0925498753786087,-0.16396014392375946,2.5116355419158936,-0.3243374824523926,17.216015161030484,-179.67103576660156,5.7,-259.0,5.3326849937438965,-0.0012420680141076446,0.0,0.7095722556114197
-181.4040069580078,-4.059556484222412,-17.550067901611328,-0.08837251365184784,0.05745316296815872,0.015483438037335873,0.8028097152709961,-0.3233996331691742,17.550290397948903,-179.7029571533203,5.8,-259.0,5.242684841156006,-0.000939942488912493,0.0,0.22179746627807617
-183.17166137695312,-4.068358421325684,-17.784740447998047,-0.08223605901002884,0.09924207627773285,-0.1689414530992508,-3.391538143157959,-0.2535560727119446,17.78493057540735,-179.73097229003906,5.9,-259.0,5.152684688568115,-0.0003692627651616931,0.0,0.0
-184.948974609375,-4.076601028442383,-17.78281021118164,-0.07778794318437576,0.051818616688251495,-0.06706701964139938,-2.262221097946167,-0.13977259397506714,17.782980345572305,-179.7490234375,6.0,-259.0,5.062685012817383,0.0007385259377770126,0.0,0.0
-186.7152557373047,-4.0846076011657715,-17.579538345336914,-0.079860620200634,0.0146664809435606,-0.06321506202220917,-1.2333519458770752,0.07918450981378555,17.579719740480215,-179.74884033203125,6.1,-259.0,4.972684860229492,0.001376346219331026,0.0,0.0
-188.45608520507812,-4.092837333679199,-17.27568817138672,-0.08503526449203491,-0.00443797092884779,-0.06084496155381203,-0.513982892036438,0.2496555894613266,17.275897452555053,-179.72984313964844,6.2,-259.0,4.882684707641602,0.0013931310968473554,0.0,0.0
-190.16421508789062,-4.101493835449219,-16.922941207885742,-0.0905119776725769,-0.008412151597440243,-0.037858933210372925,-0.1259048581123352,0.3011228144168854,16.923183256812518,-179.70152282714844,6.3,-259.0,4.792685031890869,0.0014267006190493703,0.0,0.0
-191.83599853515625,-4.110713005065918,-16.548261642456055,-0.09693218022584915,-0.0038055991753935814,-0.02415253408253193,0.02430637739598751,0.31794270873069763,16.54854553230421,-179.6702423095703,6.4,-259.0,4.7026848793029785,0.0014267006190493703,0.0,0.0
-193.46987915039062,-4.1205735206604,-16.16596221923828,-0.10355286300182343,0.003186130430549383,-0.01918325014412403,0.05001416429877281,0.31846025586128235,16.166293875507627,-179.63832092285156,6.5,-259.0,4.612684726715088,0.0014267006190493703,0.0,0.0
-195.06546020507812,-4.131082057952881,-15.78360652923584,-0.11002729833126068,0.008790464140474796,-0.007956241257488728,0.03383535146713257,0.3139601945877075,15.783990023948771,-179.60671997070312,6.6,-259.0,4.5226850509643555,0.001376346219331026,0.0,0.0
-196.6230010986328,-4.1421966552734375,-15.405149459838867,-0.11587737500667572,0.011674107983708382,0.0016292567597702146,0.018174899742007256,0.30028706789016724,15.40558526788295,-179.57614135742188,6.7,-259.0,4.432684898376465,0.0013595614582300186,0.0022400375455617905,0.0
-198.1419219970703,-4.153787612915039,-15.039912223815918,-0.12115955352783203,-0.0544528029859066,0.6721400022506714,-2.043144702911377,0.2823215425014496,15.040400238607301,-179.54737854003906,6.8,-259.0,4.342684745788574,0.0011077899252995849,0.07163757085800171,0.0
-199.62152099609375,-4.165647506713867,-14.656699180603027,-0.12823234498500824,-0.10844554007053375,-0.07783161848783493,-3.2138147354125977,0.2623532712459564,14.657260126128273,-179.52052307128906,6.9,-259.0,4.252685070037842,-0.0010238661197945476,0.07163757085800171,0.0
-201.0631866455078,-4.177757740020752,-14.264854431152344,-0.11561698466539383,-0.07284040004014969,-0.10545510798692703,-0.6576898097991943,-0.09079591184854507,14.265322962664035,-179.51768493652344,7.0,-259.0,4.162684917449951,-0.00293735065497458,0.11100637912750244,0.0
-202.4690399169922,-4.188229084014893,-13.863029479980469,-0.09944343566894531,-0.07409637421369553,0.8266274333000183,2.3080832958221436,-0.4690895080566406,13.863386143352756,-179.55218505859375,7.1,-259.0,4.0726847648620605,-0.0027191429398953915,0.1426328718662262,0.0
-203.83642578125,-4.197683811187744,-13.44896125793457,-0.08622082322835922,-0.07026953250169754,-0.15199705958366394,3.0838515758514404,-0.5133842825889587,13.449237634445426,-179.60267639160156,7.2,-259.0,3.982684850692749,-0.0024002259597182274,0.15499962866306305,0.0
-205.1605224609375,-4.205938339233398,-13.029306411743164,-0.0710485652089119,-0.02222367748618126,-0.09970934689044952,1.1194944381713867,-0.45842716097831726,13.029500123554616,-179.65042114257812,7.3,-259.0,3.8926849365234375,-0.0024002259597182274,0.13010603189468384,0.0
-206.44161987304688,-4.212716579437256,-12.6256103515625,-0.058244578540325165,0.009018459357321262,-0.048499248921871185,-0.01589994505047798,-0.43840938806533813,12.625744698052923,-179.6950225830078,7.4,-259.0,3.802684783935547,-0.0024337961804121733,0.07831127196550369,0.0
-207.6831817626953,-4.218236446380615,-12.25339126586914,-0.04674077779054642,0.021013479679822922,-0.01952248066663742,-0.3382147252559662,-0.43115732073783875,12.253480412306807,-179.73854064941406,7.5,-259.0,3.7126848697662354,-0.0024505811743438244,0.051335807889699936,0.0
-208.88894653320312,-4.222633361816406,-11.907485961914062,-0.036160800606012344,0.019544200971722603,-0.007931062020361423,-0.25614023208618164,-0.4239450991153717,11.907540868570678,-179.78128051757812,7.6,-259.0,3.622684955596924,-0.0033066277392208576,0.037560753524303436,0.0
-210.0614013671875,-4.225749492645264,-11.580788612365723,-0.021885132417082787,0.01213100366294384,0.02485174871981144,-0.0845077782869339,-0.5333051085472107,11.58080929138031,-179.83140563964844,7.7,-259.0,3.532684803009033,-0.004061978776007891,0.037560753524303436,0.0
-211.20204162597656,-4.227406978607178,-11.265457153320312,-0.005991071928292513,0.004418907221406698,0.03344166278839111,0.028634073212742805,-0.644437313079834,11.265458746373298,-179.89260864257812,7.8,-259.0,3.4426848888397217,-0.004061978776007891,0.0,0.0
-212.3124542236328,-4.227680206298828,-10.973955154418945,0.007624858524650335,-0.0008378314669243991,0.0064658550545573235,0.09683530032634735,-0.6498002409934998,10.973957803348146,-179.95767211914062,7.9,-259.0,3.35268497467041,-0.003675908548757434,0.0,0.0
-213.39456176757812,-4.226781845092773,-10.695371627807617,0.01827726885676384,-0.0031504440121352673,-0.021381346508860588,0.09805029630661011,-0.5863655209541321,10.6953872447644,179.98155212402344,8.0,-259.0,3.2626848220825195,-0.003222700906917453,0.0,0.0
-214.44927978515625,-4.224928855895996,-10.42531681060791,0.026450907811522484,-0.0032521055545657873,-0.03362935036420822,0.06990712136030197,-0.5060663819313049,10.425350365914229,179.92840576171875,8.1,-259.0,3.172684907913208,-0.0031555595342069864,0.0,0.0
-215.4773712158203,-4.222218036651611,-10.162528038024902,0.034384820610284805,-0.0022035501897335052,-0.022443491965532303,0.042159076780080795,-0.4764884412288666,10.162586208221343,179.8796844482422,8.2,-259.0,3.0826847553253174,-0.003256271593272686,0.0,0.0
-216.47950744628906,-4.219995975494385,-9.900126457214355,-0.0400179885327816,-0.06116366386413574,-8.750718116760254,-2.3614702224731445,1.566874384880066,9.90020733662896,179.87728881835938,8.3,-259.0,2.992684841156006,-0.003424125723540783,0.0,0.0
-217.45440673828125,-4.220390796661377,-9.651695251464844,0.047114863991737366,-0.015958432108163834,-0.44206559658050537,-0.44247493147850037,-0.25673550367355347,9.651810246661398,179.90296936035156,8.4,-259.0,2.9026849269866943,-0.005186648573726416,0.0,0.0
-218.40625,-4.215775966644287,-9.40683364868164,0.040253885090351105,0.006425943225622177,1.1139659881591797,0.3575485646724701,-0.6392644047737122,9.406919775847673,179.85682678222656,8.5,-259.0,2.8126847743988037,-0.00924940686672926,0.0,0.0
-219.3343048095703,-4.2096099853515625,-9.168042182922363,0.06219232827425003,0.01297669392079115,1.2165988683700562,0.5022209882736206,-1.2083150148391724,9.168253124425613,179.75140380859375,8.6,-259.0,2.722684860229492,-0.014321235939860344,0.0,0.0
-220.23890686035156,-4.199705600738525,-8.936576843261719,0.12476110458374023,0.002652130089700222,-0.22245188057422638,-0.014606885612010956,-2.3866567611694336,8.9374476786574,179.55308532714844,8.7,-259.0,2.6326849460601807,-0.02301122061908245,0.0,0.0
-221.1199951171875,-4.184650897979736,-8.70807933807373,0.19378662109375,0.004569196607917547,0.28347060084342957,0.05663525313138962,-2.9246184825897217,8.710235301798772,179.27383422851562,8.8,-259.0,2.54268479347229,-0.0319678895175457,0.0,0.0
-221.97853088378906,-4.162233352661133,-8.483397483825684,0.2774171829223633,0.004812660161405802,0.35938355326652527,0.062095388770103455,-3.938019275665283,8.487932207667573,178.90530395507812,8.9,-259.0,2.4526848793029785,-0.0348171591758728,0.0,0.0
-222.8148651123047,-4.133013725280762,-8.264026641845703,0.34810468554496765,0.003385782241821289,0.12213572859764099,0.04755197837948799,-4.257537364959717,8.271354980245615,178.48602294921875,9.0,-259.0,2.362684965133667,-0.03695979714393616,0.0,0.0
-223.62950134277344,-4.09735631942749,-8.049477577209473,0.41479089856147766,0.0045259571634233,0.3330605626106262,-0.1315605342388153,-4.397002696990967,8.060157613566098,178.04603576660156,9.1,-259.0,2.2726848125457764,-0.04102952778339386,0.0,0.0
-224.4229278564453,-4.054912090301514,-7.839325428009033,0.48504552245140076,-0.00028142929659225047,-0.15305578708648682,0.06449250876903534,-4.702114582061768,7.854316795564027,177.5773468017578,9.2,-259.0,2.182684898376465,-0.04407265782356262,0.0,0.0
-225.19569396972656,-4.005817890167236,-7.633105278015137,0.5540033578872681,-0.0015633106231689453,-0.21426057815551758,0.022668641060590744,-5.0587382316589355,7.653183383783046,177.07833862304688,9.3,-259.0,2.0926849842071533,-0.04170551151037216,0.0,0.0
-225.9481658935547,-3.951449394226074,-7.433518409729004,0.5997186303138733,-0.002474937355145812,-0.3309709429740906,0.061559803783893585,-4.64238977432251,7.457671109892522,176.6025390625,9.4,-259.0,2.0026848316192627,-0.033771615475416183,0.0,0.0
-226.68115234375,-3.894470691680908,-7.241034507751465,0.6118356585502625,-0.0029089641757309437,-0.36362698674201965,0.05574148893356323,-3.743471622467041,7.266837249830295,176.2047119140625,9.5,-259.0,1.9126849174499512,-0.0210772305727005,0.0,0.0
-227.3953094482422,-3.8377463817596436,-7.056255340576172,0.5881615877151489,-0.002697954187169671,-0.3774080276489258,0.04170156642794609,-2.330209970474243,7.080725491407879,175.93702697753906,9.6,-259.0,1.82268488407135,-0.010240078903734684,0.0,0.0
-228.0912322998047,-3.7830915451049805,-6.876860618591309,0.5512729287147522,-0.001968603115528822,-0.2747638523578644,0.0384829118847847,-1.131460428237915,6.898921206207951,175.79550170898438,9.7,-259.0,1.732684850692749,-0.0014434854965656996,0.0,0.0
-228.7693328857422,-3.731436014175415,-6.702137470245361,0.50886070728302,0.000298566825222224,-0.12382452189922333,0.026217469945549965,-0.18994146585464478,6.721427369947805,175.75502014160156,9.8,-259.0,1.6426849365234375,0.007553675211966038,0.0,0.0
-229.43019104003906,-3.683767318725586,-6.532150745391846,0.4575537145137787,0.0013804626651108265,-0.058634743094444275,0.020842699334025383,0.7172632217407227,6.548156134530437,175.80690002441406,9.9,-259.0,1.5526849031448364,0.015950841829180717,0.0,0.0
-230.07427978515625,-3.640838623046875,-6.36641788482666,0.40108194947242737,0.0015044783940538764,-0.02440914697945118,0.018504993990063667,1.5206053256988525,6.379039380222807,175.94224548339844,10.0,-259.0,1.4626848697662354,0.025215130299329758,0.0,0.0
-230.70193481445312,-3.603501319885254,-6.204843044281006,0.33590778708457947,0.0011963366996496916,-0.03298486769199371,0.018384110182523727,2.3585989475250244,6.213928809182355,176.16148376464844,10.1,-259.0,1.3726849555969238,0.034041404724121094,0.0,0.0
-231.31358337402344,-3.572360038757324,-6.046935081481934,0.2661999464035034,0.000782604212872684,-0.023470966145396233,0.017118185758590698,3.114159345626831,6.052791611407264,176.45889282226562,10.2,-259.0,1.2826849222183228,0.032692648470401764,0.0,0.0
-231.9095916748047,-3.5456602573394775,-5.891882419586182,0.22697629034519196,-0.0001072978921001777,0.17633329331874847,0.006152565125375986,2.946061372756958,5.89625276617341,176.7587127685547,10.3,-259.0,1.1926848888397217,0.019900329411029816,0.0,0.0
-232.49024963378906,-3.519953727722168,-5.739116191864014,0.23393362760543823,-0.0014789580600336194,0.39407792687416077,-0.004557718522846699,1.7817163467407227,5.743881928264224,176.9612274169922,10.4,-259.0,1.1026848554611206,0.007301849778741598,0.0,0.0
-233.0558319091797,-3.4933547973632812,-5.589120388031006,0.2573106586933136,-0.0018012141808867455,0.32561367750167847,-0.0013235117075964808,0.6545966863632202,5.595040257851685,177.04913330078125,10.5,-259.0,1.012684941291809,0.005723821930587292,0.0,0.12371938675642014
-233.6077880859375,-3.466970205307007,-5.47083854675293,0.25754356384277344,-0.0005203056498430669,-0.0031768097542226315,0.07061555236577988,0.48715463280677795,5.47689721392638,177.10116577148438,10.6,-259.0,0.922684907913208,0.0069828759878873825,0.0,0.4344627559185028
-234.15216064453125,-3.4414587020874023,-5.442126274108887,0.2503475248813629,-0.0002063751162495464,-0.14976006746292114,0.23878897726535797,0.5865811109542847,5.447881447550093,177.15797424316406,10.7,-259.0,0.8326849341392517,0.0047502038069069386,0.0,0.5474010705947876
-234.70196533203125,-3.41573429107666,-5.554864406585693,0.25746166706085205,-0.00011276244913460687,-0.06843331456184387,0.4318230450153351,0.41237398982048035,5.5608277338502745,177.2021484375,10.8,-259.0,0.7426849007606506,-0.004817348904907703,0.0,0.5540405511856079
-235.26824951171875,-3.387361764907837,-5.749550819396973,0.2956061363220215,0.00039801595266908407,0.13356876373291016,0.4388940632343292,-0.40870359539985657,5.757144918504278,177.17739868164062,10.9,-259.0,0.6526849269866943,-0.015732422471046448,0.0,0.5237973928451538
-235.85569763183594,-3.3545384407043457,-5.968911170959473,0.3530590832233429,0.0008279990870505571,0.24297046661376953,0.2762089967727661,-1.4165910482406616,5.979343716751136,177.05738830566406,11.0,-259.0,0.562684953212738,-0.017026230692863464,0.0,0.5135026574134827
-236.4652557373047,-3.31540846824646,-6.195737361907959,0.4247075319290161,-0.02418985776603222,2.9769413471221924,-0.9811762571334839,-2.5420010089874268,6.210276801030646,176.8259735107422,11.1,-259.0,0.47268491983413696,-0.008040549233555794,0.0,0.49960362911224365
-237.096435546875,-3.276231527328491,-6.4133734703063965,0.3957604765892029,-0.006263303570449352,-0.22174520790576935,-0.16816844046115875,-0.8500087261199951,6.425572785710237,176.7058868408203,11.2,-259.0,0.3826849162578583,0.0047166314907372,0.0,0.49257853627204895
-237.7494354248047,-3.239041566848755,-6.62047004699707,0.38324254751205444,-0.0011487769661471248,-0.41958725452423096,0.012579938396811485,0.2714919447898865,6.631553248931121,176.7097930908203,11.3,-259.0,0.292684942483902,0.014086061157286167,0.0,0.48904678225517273
-238.42259216308594,-3.2038285732269287,-6.8195319175720215,0.3401283323764801,0.0021992777474224567,-0.6179122924804688,0.11648683249950409,1.4150952100753784,6.82800870366088,176.82479858398438,11.4,-259.0,0.2026849389076233,0.016807779669761658,0.0,0.48904678225517273
-239.115234375,-3.1707887649536133,-7.011788368225098,0.3138256072998047,0.005003051832318306,-0.2625513970851898,0.08234356343746185,1.7754751443862915,7.018807778574212,176.99313354492188,11.5,-259.0,0.1126849353313446,0.021463975310325623,0.0,0.48550209403038025
-239.8267059326172,-3.1405155658721924,-7.199007987976074,0.27599361538887024,0.0044810292311012745,-0.08351744711399078,0.03872976824641228,2.312100648880005,7.204296529618888,177.20968627929688,11.6,-259.0,0.022684935480356216,0.03252409026026726,0.0,0.48550209403038025
-240.55653381347656,-3.115405321121216,-7.3819260597229,0.21164323389530182,0.0021158598829060793,0.16319671273231506,0.08865739405155182,3.7283406257629395,7.384959391199773,177.5395965576172,11.7,-259.0,-0.06731506437063217,0.04568004980683327,0.0,0.48550209403038025
-241.3044891357422,-3.098024845123291,-7.560304164886475,0.10138754546642303,0.0002699565957300365,-0.16699637472629547,0.07386622577905655,5.128169536590576,7.56098396374278,178.01963806152344,11.8,-259.0,-0.15731506049633026,0.05492052063345909,0.0,0.48550209403038025
-242.06996154785156,-3.089695453643799,-7.735485553741455,0.01287601888179779,-0.01160516683012247,1.5943046808242798,0.5952761769294739,7.140105724334717,7.735496270053072,178.6514129638672,11.9,-259.0,-0.24731506407260895,0.05583801120519638,0.0,0.48550209403038025
-242.85304260253906,-3.0906970500946045,-7.905284404754639,-0.11658676713705063,-0.00902466755360365,0.3771172761917114,0.2827875316143036,6.658694267272949,7.906144066125305,179.33795166015625,12.0,-259.0,-0.33731505274772644,0.050168875604867935,0.0,0.48550209403038025
-243.6528778076172,-3.101768970489502,-8.072835922241211,-0.19198846817016602,-0.003516292432323098,0.08884578943252563,-0.029917480424046516,6.083845138549805,8.075118537788683,179.95855712890625,12.1,-259.0,-0.4273150563240051,0.0425507016479969,0.0,0.48550209403038025
-244.46925354003906,-3.1188461780548096,-8.238957405090332,-0.23860472440719604,-0.001579122501425445,0.48825231194496155,-0.13492940366268158,5.277287006378174,8.242411742773001,-179.49588012695312,12.2,-259.0,-0.5173150300979614,0.03787124529480934,0.0,0.4783734977245331
-245.30186462402344,-3.142267942428589,-8.398690223693848,-0.29969266057014465,-0.0004112720489501953,0.206955686211586,-0.08976664394140244,4.7643327713012695,8.404035528504757,-179.0100860595703,12.3,-259.0,-0.6073150634765625,0.03755052387714386,0.0,0.47119203209877014
-246.150390625,-3.170642375946045,-8.552661895751953,-0.3584116995334625,-0.012088117189705372,1.1964846849441528,0.5445229411125183,5.370635509490967,8.560168482536419,-178.48304748535156,12.4,-259.0,-0.6973150372505188,0.03755052387714386,0.0,0.47119203209877014
-247.01434326171875,-3.206077814102173,-8.69835090637207,-0.4525063633918762,-0.01562562957406044,0.49621397256851196,0.5135650634765625,5.274016380310059,8.710113116331724,-177.92120361328125,12.5,-259.0,-0.7873150706291199,0.03625106438994408,0.0,0.47119203209877014
-247.89218139648438,-3.2531001567840576,-8.838842391967773,-0.5380868315696716,-0.00163946149405092,-0.5229462385177612,-0.13593174517154694,4.805611610412598,8.855205941611707,-177.4295654296875,12.6,-259.0,-0.8773150444030762,0.025063686072826385,0.0,0.3646185100078583
-248.7827911376953,-3.305497884750366,-8.956035614013672,-0.565904974937439,0.006222848780453205,-0.16626285016536713,-0.33090683817863464,3.472600221633911,8.973896721053803,-177.04725646972656,12.7,-259.0,-0.9673150181770325,0.0005203249165788293,0.0,0.0
-249.6807098388672,-3.3559341430664062,-8.97577953338623,-0.501383364200592,0.006424455437809229,0.5574660301208496,-0.42752474546432495,0.38767489790916443,8.989772161175846,-176.92417907714844,12.8,-259.0,-1.0573149919509888,-0.00958521943539381,0.0,0.0
-250.57188415527344,-3.401916742324829,-8.85714340209961,-0.43789008259773254,0.005734367296099663,0.48456263542175293,-0.48680350184440613,-1.09579598903656,8.867961263435587,-176.99537658691406,12.9,-259.0,-1.1473150253295898,-0.0025177213829010725,0.0,0.0
-251.4474334716797,-3.4462461471557617,-8.677764892578125,-0.4346272945404053,0.0028660488314926624,-0.18030159175395966,-0.41266903281211853,-0.39473095536231995,8.688642265395725,-177.05369567871094,13.0,-259.0,-1.237315058708191,0.0018798916134983301,0.09806058555841446,0.0
-252.3017120361328,-3.4903929233551025,-8.43217945098877,-0.43631765246391296,-0.0004019451152998954,-0.3056618571281433,-0.32266756892204285,0.1830626130104065,8.443460391778295,-177.05059814453125,13.1,-259.0,-1.327315092086792,0.0020477408543229103,0.23740573227405548,0.0
-253.1272735595703,-3.533582925796509,-8.106860160827637,-0.42576539516448975,-0.0018211746355518699,-0.13362661004066467,-0.2881985902786255,0.24369443953037262,8.118032879887458,-177.02760314941406,13.2,-259.0,-1.4173150062561035,0.003289842279627919,0.3133419156074524,0.0
-253.91688537597656,-3.5755832195281982,-7.723991394042969,-0.4160415530204773,-0.0013770388904958963,-0.044415149837732315,-0.24590429663658142,0.3723585605621338,7.735188015109234,-176.99330139160156,13.3,-259.0,-1.5073150396347046,0.005035570822656155,0.42644983530044556,0.0
-254.6649932861328,-3.6164379119873047,-7.27949333190918,-0.4056237041950226,-0.0006902313325554132,-0.00752791715785861,-0.2326379120349884,0.5417330861091614,7.290785537835762,-176.9427032470703,13.4,-259.0,-1.5973150730133057,0.005824543070048094,0.4979979991912842,0.0
-255.36590576171875,-3.655762195587158,-6.788312911987305,-0.38946422934532166,-0.00017798422777559608,0.03275774046778679,-0.20251238346099854,0.5961650013923645,6.799476051652297,-176.883544921875,13.5,-259.0,-1.6873149871826172,0.007704772520810366,0.502298891544342,0.0
-256.0171813964844,-3.6935501098632812,-6.290670871734619,-0.375384122133255,0.00013175964704714715,0.01846831664443016,-0.11197111010551453,0.7320773601531982,6.301861094600558,-176.81227111816406,13.6,-259.0,-1.7773150205612183,0.0080237602815032,0.6155617833137512,0.0
-256.6163635253906,-3.729344367980957,-5.742824554443359,-0.35246726870536804,0.00017503737763036042,0.04884723201394081,-0.12178914994001389,0.7057675719261169,5.753630770098668,-176.73963928222656,13.7,-259.0,-1.8673150539398193,0.009014342911541462,0.6344627737998962,0.0
-257.1595764160156,-3.762773275375366,-5.179539680480957,-0.3281515836715698,9.089469676837325e-05,0.04077879339456558,-0.09302828460931778,0.7192498445510864,5.189924350464362,-176.66622924804688,13.8,-259.0,-1.9573149681091309,0.01613566465675831,0.243031844496727,0.0
-257.65496826171875,-3.7954158782958984,-4.804001808166504,-0.33207637071609497,-0.001622428884729743,-0.08472148329019547,0.29357659816741943,1.1991539001464844,4.815465511127145,-176.55328369140625,13.9,-259.0,-2.0473151206970215,0.037466127425432205,0.0,0.0
-258.12518310546875,-3.8317666053771973,-4.62544584274292,-0.3922303318977356,0.0002757549227681011,-0.32144054770469666,0.6037933230400085,2.6806282997131348,4.642046302807456,-176.31192016601562,14.0,-259.0,-2.137315034866333,0.0737253800034523,0.0,0.0
-258.580078125,-3.8764846324920654,-4.477545738220215,-0.5057262182235718,0.0022422217298299074,-0.4881912171840668,0.49583718180656433,5.094444274902344,4.506015406726072,-175.85040283203125,14.1,-259.0,-2.2273149490356445,0.11646118760108948,0.0,0.0
-259.0200500488281,-3.9327428340911865,-4.3291015625,-0.6514261364936829,0.003375730477273464,-0.42872923612594604,0.25135326385498047,7.780492782592773,4.377839232971789,-175.12704467773438,14.2,-259.0,-2.317315101623535,0.1606336236000061,0.0,0.0
-259.44403076171875,-4.0022501945495605,-4.164527416229248,-0.8133103847503662,0.0005627631908282638,0.087533138692379,-0.034677714109420776,10.35781478881836,4.24320190215689,-174.13885498046875,14.3,-259.0,-2.4073150157928467,0.20899416506290436,0.0,0.0
-259.8515930175781,-4.086850166320801,-4.000516414642334,-0.9895965456962585,0.0007409477257169783,-0.003531781258061528,-0.06142178177833557,13.008072853088379,4.121096080786848,-172.88986206054688,14.4,-259.0,-2.497314929962158,0.2628330886363983,0.0,0.0
-260.2421875,-4.188075065612793,-3.8205511569976807,-1.1804417371749878,0.001047058030962944,-0.03430407866835594,-0.05252248793840408,15.78674030303955,3.998756536487439,-171.36550903320312,14.5,-259.0,-2.587315082550049,0.31596139073371887,0.0,0.0
-260.5975646972656,-4.301480770111084,-3.437869071960449,-1.3786743879318237,0.0983552560210228,7.829952716827393,-2.8832130432128906,17.40660858154297,3.7040095604468126,-169.77442932128906,14.6,-259.0,-2.6773149967193604,0.3645283877849579,0.0,0.0
-260.9108581542969,-4.6433844566345215,-3.522989511489868,-2.9921669960021973,8.929187774658203,-321.8023376464844,7.3183746337890625,-17.092073440551758,4.622176806444387,-169.1466827392578,14.7,-259.00787353515625,-2.7237367630004883,0.39531657099723816,0.0,0.0
-261.2761535644531,-5.304734230041504,-3.5225095748901367,-2.992074728012085,7.949217796325684,-321.8023376464844,7.3183746337890625,-17.092073440551758,4.6217512788121,-170.81167602539062,14.8,-259.0154113769531,-2.7423624992370605,0.39829838275909424,0.0,0.0
-261.6484680175781,-5.8622894287109375,-3.521867036819458,-2.991971015930176,6.969183921813965,-321.8023376464844,7.3183746337890625,-17.092073440551758,4.621194432741574,-175.66261291503906,14.9,-259.01812744140625,-2.775151014328003,0.3978321850299835,0.0,0.0
-262.0216979980469,-6.236415863037109,-3.521228313446045,-2.991922616958618,5.98909854888916,-321.8023376464844,7.3183746337890625,-17.092073440551758,4.620676333750567,177.70736694335938,15.0,-259.01910400390625,-2.821294069290161,0.3978321850299835,0.0,0.0
-262.3893737792969,-6.404024600982666,-3.5207302570343018,-2.9919424057006836,5.00901985168457,-321.8023376464844,7.3183746337890625,-17.092073440551758,4.620309611035479,171.39450073242188,15.1,-259.01947021484375,-2.880732297897339,0.3978321850299835,0.0,0.0
-262.74664306640625,-6.405678749084473,-3.5204005241394043,-2.991992235183716,4.028982162475586,-321.8023376464844,7.3183746337890625,-17.092073440551758,4.620090625275725,167.3602752685547,15.2,-259.01959228515625,-2.953460216522217,0.3978870213031769,0.0,0.0
