x,y,speed,yaw,time
-143.0,-4.0,0.0,-179.99996948242188,138.75
-143.0,-4.0,0.0,-179.99996948242188,138.775
-143.0,-4.0,0.0,-179.99996948242188,138.8
-143.0,-4.0,0.0,-179.99996948242188,138.825
-143.0,-4.0,0.0,-179.99996948242188,138.85
-143.0,-4.0,0.0,-179.99996948242188,138.875
-143.0,-4.0,0.0,-179.99996948242188,138.9
-143.0,-4.0,0.0,-179.99996948242188,138.925
-143.0,-4.0,0.0,-179.99996948242188,138.95
-143.0,-4.0,0.0,-179.99996948242188,138.975
-143.0,-4.0,0.0,-179.99996948242188,139.0
-143.0,-4.0,0.0,-179.99996948242188,139.025
-143.0,-4.0,0.0,-179.99996948242188,139.05
-143.0,-4.0,0.0,-179.99996948242188,139.075
-143.0,-4.0,0.0,-179.99996948242188,139.1
-143.0,-4.0,0.0,-179.99996948242188,139.125
-143.0,-4.0,1.7115129150128212e-08,-179.99996948242188,139.15
-143.0,-4.0,6.656962987866663e-07,-179.99996948242188,139.175
-143.0,-4.0,1.6266507320525626e-08,-179.99996948242188,139.2
-143.0,-4.0,2.1684516108734546e-07,-179.99996948242188,139.225
-143.0,-4.0,0.002312502002929397,-179.99996948242188,139.25
-143.00018310546875,-4.000067234039307,0.00906893070265839,-179.9999542236328,139.275
-143.00033569335938,-4.0001020431518555,0.006461734815518601,-179.99996948242188,139.3
-143.0004119873047,-4.000119686126709,0.004226191262817836,-179.9999542236328,139.325
-143.00047302246094,-4.000124931335449,0.0023453286807069438,179.99996948242188,139.35
-143.00050354003906,-4.000121593475342,0.0007947442546592463,179.99996948242188,139.375
-143.00050354003906,-4.000113010406494,0.0004515166247747386,179.99996948242188,139.4
-143.00048828125,-4.0001020431518555,0.001414121853939393,-179.9999542236328,139.425
-143.0004425048828,-4.000091075897217,0.0021224649932214735,-179.9999542236328,139.45
-143.00038146972656,-4.000080585479736,0.0026017882456596626,-179.9999542236328,139.475
-143.00033569335938,-4.000072956085205,0.002881629165200999,-179.9999542236328,139.5
-143.00025939941406,-4.000068187713623,0.0029907324749244776,-179.9999542236328,139.525
-143.0001983642578,-4.000064373016357,0.0029633675082153975,-179.9999542236328,139.55
-143.00013732910156,-4.000063419342041,0.0028274082583509305,-179.9999542236328,139.575
-143.00009155273438,-4.000063896179199,0.0026115059691253846,-179.9999542236328,139.6
-143.00003051757812,-4.000065326690674,0.0023415467193327877,-179.9999542236328,139.625
-143.00125122070312,-4.000078201293945,0.14437002563534304,-179.99949645996094,139.65
-143.01194763183594,-4.000201225280762,0.5492076031184085,-179.99569702148438,139.675
-143.03228759765625,-4.000421524047852,0.9128309707198209,-179.98886108398438,139.7
-143.06106567382812,-4.0007243156433105,1.231189004369312,-179.97967529296875,139.725
-143.09715270996094,-4.001091003417969,1.5095876435935134,-179.96873474121094,139.75
-143.13961791992188,-4.001509189605713,1.7556976836910585,-179.9565887451172,139.775
-143.187744140625,-4.0019755363464355,1.9761102246253626,-179.9433135986328,139.8
-143.24093627929688,-4.002476215362549,2.1757416518531243,-179.92958068847656,139.825
-143.2987518310547,-4.002999782562256,2.358805103488195,-179.9157257080078,139.85
-143.3607940673828,-4.0035400390625,2.5287142010152484,-179.9020233154297,139.875
-143.4268341064453,-4.00406551361084,2.6881902136454694,-179.8895721435547,139.9
-143.49664306640625,-4.004570007324219,2.8393731852206026,-179.87847900390625,139.925
-143.57005310058594,-4.00502347946167,2.9839508595412445,-179.86968994140625,139.95
-143.6468963623047,-4.005436897277832,3.123250890051417,-179.8628387451172,139.975
-143.72711181640625,-4.005825519561768,3.258315883485019,-179.8572235107422,140.0
-143.81063842773438,-4.006215572357178,3.389964218733871,-179.8520050048828,140.025
-143.89735412597656,-4.006619930267334,3.518840785261475,-179.84678649902344,140.05
-143.9872589111328,-4.007041931152344,3.6454537996119982,-179.84144592285156,140.075
-144.08029174804688,-4.007483959197998,3.770205822427419,-179.83595275878906,140.1
-144.17640686035156,-4.0079474449157715,3.8934174097212324,-179.83026123046875,140.125
-144.2755889892578,-4.0084333419799805,4.015342675709455,-179.82449340820312,140.15
-144.3778076171875,-4.008942127227783,4.136184256132829,-179.81849670410156,140.175
-144.48306274414062,-4.009474754333496,4.256105449836093,-179.81234741210938,140.2
-144.59130859375,-4.010031700134277,4.375236430148293,-179.8060302734375,140.225
-144.7025604248047,-4.010614395141602,4.493683513449307,-179.79957580566406,140.25
-144.81675720214844,-4.011223793029785,4.611530475790292,-179.79296875,140.275
-144.93392944335938,-4.01185941696167,4.7288490461515424,-179.78619384765625,140.3
-145.0540313720703,-4.012521743774414,4.845691847396762,-179.7793731689453,140.325
-145.1770477294922,-4.013207912445068,4.962105314418537,-179.77259826660156,140.35
-145.302978515625,-4.0139007568359375,5.0777793489213705,-179.76646423339844,140.375
-145.4318389892578,-4.014589786529541,5.193435521545096,-179.76124572753906,140.4
-145.5635528564453,-4.015254020690918,5.308747463431893,-179.7577362060547,140.425
-145.69818115234375,-4.015883445739746,5.423734302550241,-179.75607299804688,140.45
-145.83567810058594,-4.016456127166748,5.5384099409584735,-179.75692749023438,140.475
-145.97605895996094,-4.01697301864624,5.652793041543276,-179.75999450683594,140.5
-146.11927795410156,-4.017430782318115,5.766893545948756,-179.76527404785156,140.525
-146.26535034179688,-4.017843723297119,5.880724148497536,-179.77195739746094,140.55
-146.41427612304688,-4.018228530883789,5.994288552019064,-179.77943420410156,140.575
-146.56602478027344,-4.018591403961182,6.1075936468076675,-179.78732299804688,140.6
-146.72061157226562,-4.018942832946777,6.220643126147719,-179.7952117919922,140.625
-146.87802124023438,-4.019285678863525,6.333438667872292,-179.802978515625,140.65
-147.03823852539062,-4.019616603851318,6.445979919684421,-179.81068420410156,140.675
-147.20126342773438,-4.019931793212891,6.558272299080785,-179.81849670410156,140.7
-147.36709594726562,-4.020230293273926,6.670316818990066,-179.82632446289062,140.725
-147.5357208251953,-4.020510673522949,6.782114448294192,-179.8343048095703,140.75
-147.70713806152344,-4.020771026611328,6.893666139978574,-179.8424072265625,140.775
-147.88133239746094,-4.021011829376221,7.004971892075732,-179.8505859375,140.8
-148.0583038330078,-4.021231651306152,7.1160326551695565,-179.85891723632812,140.825
-148.23805236816406,-4.021429538726807,7.226848926679921,-179.8673858642578,140.85
-148.42054748535156,-4.0216064453125,7.3374221559160056,-179.87586975097656,140.875
-148.60581970214844,-4.021767616271973,7.4477524195507625,-179.88421630859375,140.9
-148.79385375976562,-4.021916389465332,7.557838692094902,-179.89224243164062,140.925
-148.984619140625,-4.022060394287109,7.667683839274311,-179.89976501464844,140.95
-149.1781463623047,-4.022204399108887,7.777284919867729,-179.90660095214844,140.975
-149.3743896484375,-4.022360324859619,7.886644144098658,-179.91229248046875,141.0
-149.57337951660156,-4.022541046142578,7.995761085314824,-179.9166259765625,141.025
-149.7750701904297,-4.022750377655029,8.104637504700339,-179.91946411132812,141.05
-149.9794921875,-4.022998332977295,8.213271627885502,-179.92071533203125,141.075
-150.18663024902344,-4.023284912109375,8.321667520393992,-179.92047119140625,141.1
-150.396484375,-4.0235915184021,8.429817123049288,-179.9188995361328,141.125
-150.6090087890625,-4.023961544036865,8.537707008457394,-179.9163055419922,141.15
-150.82424926757812,-4.024352550506592,8.645390205848427,-179.91322326660156,141.175
-151.0421600341797,-4.024764060974121,8.752834925717478,-179.9098663330078,141.2
-151.2627716064453,-4.025195121765137,8.86004122460317,-179.90625,141.225
-151.48605346679688,-4.025646686553955,8.967011035940796,-179.90252685546875,141.25
-151.71200561523438,-4.026098728179932,9.0737326559716,-179.89862060546875,141.275
-151.9406280517578,-4.026611328125,9.180195483372612,-179.89462280273438,141.3
-152.171875,-4.027139663696289,9.28646404700692,-179.8905487060547,141.325
-152.4058074951172,-4.02768611907959,9.392493462530318,-179.88650512695312,141.35
-152.64244079589844,-4.02808141708374,9.498234499698029,-179.88421630859375,141.375
-152.88162231445312,-4.028687953948975,9.604042187436411,-179.88186645507812,141.4
-153.1234588623047,-4.02930212020874,9.709394261681323,-179.8787384033203,141.425
-153.36793518066406,-4.029928684234619,9.814505314128064,-179.87521362304688,141.45
-153.6150360107422,-4.030571460723877,9.919381999156455,-179.87132263183594,141.475
-153.86474609375,-4.031233787536621,10.0240242879954,-179.8673095703125,141.5
-154.11708068847656,-4.031918048858643,10.128433109094635,-179.86318969726562,141.525
-154.3720245361328,-4.032625198364258,10.232609394887689,-179.85891723632812,141.55
-154.6295623779297,-4.033357620239258,10.336554080439203,-179.8546142578125,141.575
-154.88970947265625,-4.034115791320801,10.440268110397334,-179.8502655029297,141.6
-155.1524200439453,-4.034900665283203,10.543752426947199,-179.84585571289062,141.625
-155.417724609375,-4.035712718963623,10.647006074670966,-179.8413543701172,141.65
-155.68560791015625,-4.036552906036377,10.750030957483794,-179.83688354492188,141.675
-155.95608520507812,-4.037422180175781,10.852828028381914,-179.8323211669922,141.7
-156.22911071777344,-4.038320541381836,10.955397292387493,-179.82769775390625,141.725
-156.50469970703125,-4.039248943328857,11.05773970473011,-179.82305908203125,141.75
-156.7828369140625,-4.040207386016846,11.15985526950635,-179.81838989257812,141.775
-157.06353759765625,-4.041197299957275,11.261746852912438,-179.81369018554688,141.8
-157.34677124023438,-4.042211532592773,11.36343132664857,-179.80897521972656,141.825
-157.63253784179688,-4.0432658195495605,11.464862816024263,-179.80426025390625,141.85
-157.9208526611328,-4.044351577758789,11.566079575427121,-179.79945373535156,141.875
-158.211669921875,-4.045470237731934,11.667072385415858,-179.7946319580078,141.9
-158.50502014160156,-4.046621799468994,11.76784125472369,-179.7897186279297,141.925
-158.80088806152344,-4.047806739807129,11.868386183097087,-179.7847900390625,141.95
-159.09925842285156,-4.0490264892578125,11.968710036602156,-179.77984619140625,141.975
-159.400146484375,-4.050281047821045,12.06881091109966,-179.7748260498047,142.0
-159.7035369873047,-4.051570892333984,12.168689764983679,-179.76980590820312,142.025
-160.0093994140625,-4.052896976470947,12.26834755561265,-179.76475524902344,142.05
-160.31776428222656,-4.05426025390625,12.367784288275175,-179.7596435546875,142.075
-160.6285858154297,-4.055660247802734,12.467000918200824,-179.7544708251953,142.1
-160.94192504882812,-4.057098865509033,12.565995546052177,-179.749267578125,142.125
-161.25770568847656,-4.05857515335083,12.664771991109255,-179.74404907226562,142.15
-161.57595825195312,-4.060091018676758,12.763328347562005,-179.73883056640625,142.175
-161.89666748046875,-4.061646461486816,12.861666528783307,-179.7335205078125,142.2
-162.21983337402344,-4.063235282897949,12.959785265205445,-179.7284393310547,142.225
-162.5454559326172,-4.064838886260986,13.057686593713038,-179.72422790527344,142.25
-162.87351989746094,-4.066412925720215,13.155363389693576,-179.72242736816406,142.275
-163.2040252685547,-4.067903518676758,13.252809786683,-179.72471618652344,142.3
-163.53695678710938,-4.06927490234375,13.350028089779123,-179.73199462890625,142.325
-163.872314453125,-4.070464611053467,13.446995903030816,-179.74595642089844,142.35
-164.21011352539062,-4.071417331695557,13.54371927189163,-179.7676544189453,142.375
-164.55029296875,-4.0721049308776855,13.640226263740173,-179.797119140625,142.4
-164.89291381835938,-4.072468280792236,13.736459347819409,-179.83517456054688,142.425
-165.23793029785156,-4.0724711418151855,13.832474782560505,-179.88160705566406,142.45
-165.58531188964844,-4.072051525115967,13.928211376725564,-179.9371337890625,142.475
-165.93508911132812,-4.071126461029053,14.023652450699245,179.99708557128906,142.5
-166.28726196289062,-4.069668769836426,14.118914368225155,179.92193603515625,142.525
-166.6417999267578,-4.067610263824463,14.213854169292466,179.83700561523438,142.55
-166.99868774414062,-4.064895153045654,14.308578105034657,179.74241638183594,142.575
-167.35794067382812,-4.061455726623535,14.402996447238493,179.63787841796875,142.6
-167.71957397460938,-4.057225704193115,14.497156608280518,179.52325439453125,142.625
-168.08351135253906,-4.0521464347839355,14.591057470403177,179.39883422851562,142.65
-168.4497833251953,-4.046164035797119,14.684712665577099,179.26498413085938,142.675
-168.81837463378906,-4.039221286773682,14.77810758573792,179.12208557128906,142.7
-169.18927001953125,-4.031275749206543,14.871296670119218,178.9709930419922,142.725
-169.5624542236328,-4.0222673416137695,14.964200520107235,178.81190490722656,142.75
-169.9379425048828,-4.012153625488281,15.056910102056948,178.6456298828125,142.775
-170.31570434570312,-4.000903129577637,15.149419126404235,178.47325134277344,142.8
-170.6957550048828,-3.988492250442505,15.24175273748866,178.2960968017578,142.825
-171.0780792236328,-3.974911689758301,15.33393845623638,178.11575317382812,142.85
-171.462646484375,-3.960177183151245,15.426037668141392,177.9346466064453,142.875
-171.84950256347656,-3.9443142414093018,15.51802381081527,177.75503540039062,142.9
-172.23858642578125,-3.9273247718811035,15.609829939537379,177.57826232910156,142.925
-172.62991333007812,-3.909243583679199,15.70155074163817,177.40626525878906,142.95
-173.02349853515625,-3.890099048614502,15.793108860103725,177.2405242919922,142.975
-173.4193115234375,-3.8699209690093994,15.88452548955521,177.0820770263672,143.0
-173.8173828125,-3.848717212677002,15.975728633888666,176.9309539794922,143.025
-174.2176513671875,-3.826526403427124,16.066804925640533,176.7878875732422,143.05
-174.62014770507812,-3.8033828735351562,16.15769989146737,176.6533203125,143.075
-175.02490234375,-3.7793002128601074,16.248384206753858,176.5266876220703,143.1
-175.4318389892578,-3.7543041706085205,16.338875046788097,176.40762329101562,143.125
-175.8409881591797,-3.7283992767333984,16.42915954053473,176.295166015625,143.15
-176.25233459472656,-3.7016026973724365,16.5192488062001,176.18853759765625,143.175
-176.66590881347656,-3.673936128616333,16.609138365834852,176.08714294433594,143.2
-177.08163452148438,-3.6454124450683594,16.69874927431337,175.9901885986328,143.225
-177.49960327148438,-3.616091728210449,16.787627840055574,175.89773559570312,143.25
-177.9198455810547,-3.5860259532928467,16.875044121882905,175.80972290039062,143.275
-178.34249877929688,-3.555229663848877,16.96101676960521,175.72593688964844,143.3
-178.76763916015625,-3.523618459701538,17.045886551784108,175.6470947265625,143.325
-179.19493103027344,-3.4911351203918457,17.13405990581392,175.57420349121094,143.35
-179.62425231933594,-3.4580600261688232,17.222243132788545,175.50775146484375,143.375
-180.0556182861328,-3.424436569213867,17.31038359217659,175.44866943359375,143.4
-180.489013671875,-3.3903284072875977,17.398434182152833,175.3976287841797,143.425
-180.92446899414062,-3.3557755947113037,17.48637398857321,175.354736328125,143.45
-181.3620147705078,-3.3208272457122803,17.574053315150177,175.31991577148438,143.475
-181.80149841308594,-3.2855441570281982,17.660896187863145,175.2925262451172,143.5
-182.24282836914062,-3.249986171722412,17.746696597312468,175.2720489501953,143.525
-182.685791015625,-3.2141342163085938,17.83145199404049,175.25779724121094,143.55
-183.130615234375,-3.17777943611145,17.918660434805997,175.24786376953125,143.575
-183.5777130126953,-3.141101837158203,18.006024050577974,175.24119567871094,143.6
-184.02706909179688,-3.1041481494903564,18.09303270885481,175.23715209960938,143.625
-184.47866821289062,-3.066938638687134,18.179708779151508,175.23541259765625,143.65
-184.93255615234375,-3.029510498046875,18.266076070652776,175.23634338378906,143.675
-185.38870239257812,-2.991913080215454,18.352148906621174,175.2408905029297,143.7
-185.84706115722656,-2.9541919231414795,18.437946820105452,175.24964904785156,143.725
-186.3076934814453,-2.9164154529571533,18.523460659259612,175.26417541503906,143.75
-186.7705078125,-2.8786447048187256,18.60871919420169,175.28543090820312,143.775
-187.2355499267578,-2.8409106731414795,18.693759863540652,175.31326293945312,143.8
-187.70272827148438,-2.803232431411743,18.77859114948229,175.3468475341797,143.825
-188.172119140625,-2.7656164169311523,18.86323142864012,175.38490295410156,143.85
-188.64364624023438,-2.7280495166778564,18.947700388316203,175.4253387451172,143.875
-189.11732482910156,-2.6905202865600586,19.03198972704251,175.4663848876953,143.9
-189.5930938720703,-2.652994394302368,19.116115508838465,175.50564575195312,143.925
-190.0709991455078,-2.615447521209717,19.200061428733957,175.54139709472656,143.95
-190.55099487304688,-2.577864408493042,19.283829558838733,175.5725555419922,143.975
-191.0331268310547,-2.5402326583862305,19.36741913043443,175.5985870361328,144.0
-191.51730346679688,-2.5025596618652344,19.45082884775937,175.61997985839844,144.025
-192.00357055664062,-2.4648561477661133,19.534058178294675,175.6375732421875,144.05
-192.49192810058594,-2.4271349906921387,19.61711066048507,175.65245056152344,144.075
-192.9823455810547,-2.389411687850952,19.699980169626127,175.66587829589844,144.1
-193.47482299804688,-2.351716995239258,19.782655711826852,175.67947387695312,144.125
-193.96937561035156,-2.3140783309936523,19.86514107569261,175.69482421875,144.15
-194.46597290039062,-2.27651047706604,19.94743668284982,175.7125701904297,144.175
-194.96463012695312,-2.239016532897949,20.029550024118013,175.73292541503906,144.2
-195.46534729003906,-2.2015953063964844,20.11147948384201,175.75564575195312,144.225
-195.96812438964844,-2.164243459701538,20.193227489818835,175.78038024902344,144.25
-196.47293090820312,-2.126957893371582,20.274793250038947,175.80657958984375,144.275
-196.97976684570312,-2.0896520614624023,20.35710977315848,175.83358764648438,144.3
-197.48831176757812,-2.052428960800171,20.43898237873303,175.8608856201172,144.325
-197.9987335205078,-2.01536226272583,20.518833749468897,175.8883514404297,144.35
-198.51097106933594,-1.9783662557601929,20.594802268305465,175.91600036621094,144.375
-199.0248565673828,-1.94123113155365,20.66423287738832,175.94393920898438,144.4
-199.54014587402344,-1.9043493270874023,20.724909134774467,175.9736328125,144.425
-200.05670166015625,-1.8680148124694824,20.773013207277096,176.0066680908203,144.45
-200.57432556152344,-1.8320506811141968,20.80624145838194,176.0454864501953,144.475
-201.09278869628906,-1.7964142560958862,20.82250865023648,176.092041015625,144.5
-201.61184692382812,-1.7612829208374023,20.81941105763352,176.14772033691406,144.525
-202.13079833984375,-1.7267587184906006,20.79845934566235,176.21322631835938,144.55
-202.64923095703125,-1.692887783050537,20.763658281791898,176.28829956054688,144.575
-203.1669158935547,-1.6595516204833984,20.716913677320232,176.37306213378906,144.6
-203.68356323242188,-1.627137303352356,20.659783201276234,176.46722412109375,144.625
-204.19879150390625,-1.5958086252212524,20.593062139694997,176.56988525390625,144.65
-204.71214294433594,-1.565447211265564,20.51883243073806,176.67953491210938,144.675
-205.22344970703125,-1.5360453128814697,20.438547012039123,176.79466247558594,144.7
-205.7325897216797,-1.507629632949829,20.353124589787676,176.91368103027344,144.725
-206.23948669433594,-1.480224370956421,20.263353234346425,177.03538513183594,144.75
-206.74400329589844,-1.4538495540618896,20.169908039133727,177.15875244140625,144.775
-207.24610900878906,-1.4285268783569336,20.07336221442446,177.2830352783203,144.8
-207.74574279785156,-1.4042788743972778,19.974207550888828,177.4079132080078,144.825
-208.24282836914062,-1.3811242580413818,19.87287148036027,177.53314208984375,144.85
-208.73736572265625,-1.3590763807296753,19.769720482611863,177.6586456298828,144.875
-209.2292938232422,-1.3381376266479492,19.665079808047498,177.78396606445312,144.9
-209.71861267089844,-1.318302869796753,19.559229182573375,177.90858459472656,144.925
-210.20529174804688,-1.29954195022583,19.452422469217524,178.03138732910156,144.95
-210.68931579589844,-1.2818098068237305,19.344873849399566,178.15066528320312,144.975
-211.1707000732422,-1.2650678157806396,19.2367508816616,178.26536560058594,145.0
-211.64938354492188,-1.2492519617080688,19.128222521027844,178.37367248535156,145.025
-212.1254119873047,-1.2342945337295532,19.01941248615165,178.47401428222656,145.05
-212.59873962402344,-1.220136046409607,18.91042588075916,178.5653839111328,145.075
-213.06939697265625,-1.2067245244979858,18.80135702250291,178.64743041992188,145.1
-213.537353515625,-1.1940195560455322,18.69228769074399,178.72048950195312,145.125
-214.00262451171875,-1.181964635848999,18.583298407506366,178.78451538085938,145.15
-214.46519470214844,-1.170513391494751,18.47444614715016,178.8401336669922,145.175
-214.9250946044922,-1.1596325635910034,18.365791304589695,178.88833618164062,145.2
-215.3822784423828,-1.1492935419082642,18.25738177710247,178.93045043945312,145.225
-215.83677673339844,-1.1394681930541992,18.149260294331462,178.9677734375,145.25
-216.28858947753906,-1.1301274299621582,18.04146913968131,179.00135803222656,145.275
-216.73776245117188,-1.1212384700775146,17.934043103253288,179.0319366455078,145.3
-217.1842498779297,-1.1127673387527466,17.826741907576622,179.06011962890625,145.325
-217.62803649902344,-1.1046732664108276,17.717202440293796,179.0859375,145.35
-218.06906127929688,-1.096917748451233,17.605405519417147,179.10948181152344,145.375
-218.5072784423828,-1.0894538164138794,17.492887883591404,179.13021850585938,145.4
-218.9427032470703,-1.0822336673736572,17.38030134599976,179.147705078125,145.425
-219.3752899169922,-1.0752105712890625,17.267184919136163,179.161376953125,145.45
-219.8050079345703,-1.0683441162109375,17.152725123850516,179.1708221435547,145.475
-220.2318572998047,-1.0615880489349365,17.036902681298233,179.176513671875,145.5
-220.65576171875,-1.0549700260162354,16.918997873490575,179.17849731445312,145.525
-221.07669067382812,-1.0484395027160645,16.7990395940193,179.1772918701172,145.55
-221.4945831298828,-1.0419890880584717,16.678255467288576,179.1737060546875,145.575
-221.9094696044922,-1.0356082916259766,16.557278279809506,179.16836547851562,145.6
-222.32130432128906,-1.02928626537323,16.437062823344732,179.1617889404297,145.625
-222.73019409179688,-1.0230164527893066,16.319474538256223,179.1544952392578,145.65
-223.13624572753906,-1.0167927742004395,16.205496289764554,179.14694213867188,145.675
-223.5395050048828,-1.0106089115142822,16.09566494185858,179.1395263671875,145.7
-223.94004821777344,-1.0044572353363037,15.989069966217382,179.13243103027344,145.725
-224.33798217773438,-0.998336672782898,15.885045789860829,179.1258544921875,145.75
-224.73336791992188,-0.9922468066215515,15.783200756543856,179.12005615234375,145.775
-225.1262664794922,-0.9861868619918823,15.682609129002063,179.11509704589844,145.8
-225.51663208007812,-0.9801597595214844,15.583139040344033,179.1111297607422,145.825
-225.90457153320312,-0.9741718769073486,15.483674912223643,179.10833740234375,145.85
-226.28997802734375,-0.9682300090789795,15.384129582025034,179.10684204101562,145.875
-226.67291259765625,-0.962345540523529,15.285291092070372,179.10690307617188,145.9
-227.0533905029297,-0.9565030336380005,15.187125011459472,179.1082305908203,145.925
-227.431396484375,-0.9507221579551697,15.089629726832529,179.1107177734375,145.95
-227.80702209472656,-0.9450024962425232,14.99348043693999,179.11415100097656,145.975
-228.1802520751953,-0.9393424987792969,14.898689326956951,179.1182403564453,146.0
-228.55113220214844,-0.9337412118911743,14.805256487679197,179.12281799316406,146.025
-228.91970825195312,-0.928199291229248,14.71263213500959,179.12774658203125,146.05
-229.28599548339844,-0.9227180480957031,14.620756033462845,179.1328887939453,146.075
-229.64999389648438,-0.917298436164856,14.529587156296182,179.13818359375,146.1
-230.01171875,-0.9119417071342468,14.439095055022314,179.14364624023438,146.125
-230.3711700439453,-0.9066486358642578,14.349249321604102,179.1491241455078,146.15
-230.72837829589844,-0.9014200568199158,14.260023838250815,179.1546173095703,146.175
-231.0833740234375,-0.8962581157684326,14.17139983879077,179.16026306152344,146.2
-231.43617248535156,-0.8911678194999695,14.08335692401972,179.16610717773438,146.225
-231.78677368164062,-0.8861578106880188,13.995878213520218,179.17250061035156,146.25
-232.13519287109375,-0.8812398314476013,13.908950171143935,179.1797637939453,146.275
-232.48146057128906,-0.8764259815216064,13.822859766027724,179.18832397460938,146.3
-232.8255615234375,-0.8717306852340698,13.736258769006271,179.1984405517578,146.325
-233.16749572753906,-0.8671632409095764,13.647901682754728,179.2103729248047,146.35
-233.5071563720703,-0.8627393841743469,13.557020797759279,179.2243194580078,146.375
-233.84451293945312,-0.8584684729576111,13.462442645736683,179.24034118652344,146.4
-234.17938232421875,-0.8543514609336853,13.363183176004707,179.25811767578125,146.425
-234.51171875,-0.8503853678703308,13.258502123919786,179.27716064453125,146.45
-234.84132385253906,-0.8465677499771118,13.148572106754283,179.29702758789062,146.475
-235.16810607910156,-0.8428975343704224,13.035481680839927,179.31741333007812,146.5
-235.49200439453125,-0.839374840259552,12.920774461785918,179.33811950683594,146.525
-235.81301879882812,-0.835999608039856,12.805080742869697,179.35897827148438,146.55
-236.13113403320312,-0.8327717185020447,12.687443964590331,179.3798828125,146.575
-236.4462432861328,-0.8296908140182495,12.566901003668855,179.4007568359375,146.6
-236.75831604003906,-0.8267561793327332,12.444654461827758,179.42156982421875,146.625
-237.0673065185547,-0.8239664435386658,12.320824592026959,179.44227600097656,146.65
-237.37315368652344,-0.8213192820549011,12.194289413586832,179.46279907226562,146.675
-237.67581176757812,-0.8188125491142273,12.062583041940764,179.48313903808594,146.7
-237.9749755859375,-0.816444993019104,11.922136821976858,179.50323486328125,146.725
-238.27052307128906,-0.8142145872116089,11.774884257791886,179.52313232421875,146.75
-238.56231689453125,-0.8121155500411987,11.624171417385504,179.5426483154297,146.775
-238.85028076171875,-0.8101399540901184,11.47087138386442,179.5615997314453,146.8
-239.13436889648438,-0.8082752227783203,11.314221503254817,179.5796661376953,146.825
-239.41448974609375,-0.8065081834793091,11.154779425861218,179.59657287597656,146.85
-239.69056701660156,-0.8048108220100403,10.992177491526594,179.61154174804688,146.875
-239.96253967285156,-0.8031466007232666,10.825738936362107,179.62344360351562,146.9
-240.23028564453125,-0.801490068435669,10.656274298368947,179.6318817138672,146.925
-240.49374389648438,-0.799794614315033,10.483577104039806,179.6355438232422,146.95
-240.75282287597656,-0.7980194687843323,10.30745042050679,179.6335906982422,146.975
-241.00746154785156,-0.7961384654045105,10.128111686050008,179.62588500976562,147.0
-241.25750732421875,-0.7941360473632812,9.944827043700357,179.61257934570312,147.025
-241.50296020507812,-0.7920034527778625,9.757640699834724,179.59410095214844,147.05
-241.74365234375,-0.7897502183914185,9.568034917949584,179.5717315673828,147.075
-241.97958374023438,-0.7873840928077698,9.376466971556018,179.54632568359375,147.1
-242.210693359375,-0.784920334815979,9.183180126590724,179.5189971923828,147.125
-242.4369659423828,-0.782373309135437,8.98817715310084,179.49078369140625,147.15
-242.65830993652344,-0.7797533869743347,8.790880374143464,179.462158203125,147.175
-242.8746795654297,-0.7770683765411377,8.59125770986132,179.4336700439453,147.2
-243.08604431152344,-0.7743256688117981,8.38813498413912,179.4054412841797,147.225
-243.29222106933594,-0.7715333104133606,8.181170362941542,179.37771606445312,147.25
-243.4932098388672,-0.7686989307403564,7.971309556728755,179.35052490234375,147.275
-243.6889190673828,-0.7658305168151855,7.75960941730225,179.32394409179688,147.3
-243.87928771972656,-0.7629359364509583,7.547277471610938,179.29800415039062,147.325
-244.0643768310547,-0.7600247263908386,7.334924409316243,179.27281188964844,147.35
-244.24415588378906,-0.7571082711219788,7.12271856597745,179.2484893798828,147.375
-244.41860961914062,-0.754196286201477,6.910805024814106,179.22511291503906,147.4
-244.5878143310547,-0.7512989640235901,6.699303190047927,179.20272827148438,147.425
-244.75173950195312,-0.7484253644943237,6.48831672728119,179.18133544921875,147.45
-244.91038513183594,-0.7455852627754211,6.277931433977511,179.16111755371094,147.475
-245.0637969970703,-0.7427878975868225,6.068217768698184,179.14198303222656,147.5
-245.2119598388672,-0.7400423884391785,5.859235778450096,179.12408447265625,147.525
-245.35494995117188,-0.7373560667037964,5.651037280968543,179.10728454589844,147.55
-245.49276733398438,-0.7347329258918762,5.443664110651004,179.09161376953125,147.575
-245.62538146972656,-0.7321737408638,5.237149238839817,179.07676696777344,147.6
-245.7528839111328,-0.7296793460845947,5.031520984435438,179.0626220703125,147.625
-245.87522888183594,-0.7272517085075378,4.826915365196638,179.04910278320312,147.65
-245.99249267578125,-0.7248943448066711,4.623084271498215,179.03610229492188,147.675
-246.10467529296875,-0.722610354423523,4.420192664653815,179.0236358642578,147.7
-246.21180725097656,-0.7204025387763977,4.21825313623659,179.01170349121094,147.725
-246.3139190673828,-0.7182737588882446,4.017279432170577,179.0002899169922,147.75
-246.4110107421875,-0.7162268757820129,3.8172799037827554,178.9893798828125,147.775
-246.50311279296875,-0.7142645716667175,3.618263710391692,178.97900390625,147.8
-246.5902862548828,-0.712389349937439,3.420235805264433,178.9691619873047,147.825
-246.67251586914062,-0.7106034755706787,3.223200327353274,178.9597930908203,147.85
-246.74981689453125,-0.7089095115661621,3.027162693260172,178.95101928710938,147.875
-246.82223510742188,-0.7073090076446533,2.8321237190507595,178.9427032470703,147.9
-246.88980102539062,-0.7058042883872986,2.6380858003129357,178.9349822998047,147.925
-246.95252990722656,-0.7043967843055725,2.4450493349314715,178.92771911621094,147.95
-247.01046752929688,-0.7030882835388184,2.2530150131888864,178.9210662841797,147.975
-247.06362915039062,-0.7018803358078003,2.06198285711629,178.9149169921875,148.0
-247.1119842529297,-0.7007740139961243,1.8719514036668692,178.90928649902344,148.025
-247.15565490722656,-0.6997705698013306,1.6829194917443213,178.90419006347656,148.05
-247.19461059570312,-0.6988708972930908,1.4948848325579922,178.89964294433594,148.075
-247.22886657714844,-0.6980757713317871,1.3078439769829069,178.89561462402344,148.1
-247.25845336914062,-0.6973861455917358,1.1217941836687884,178.89210510253906,148.125
-247.28343200683594,-0.6968021392822266,0.9367395702839935,178.88919067382812,148.15
-247.3037872314453,-0.6963245272636414,0.7526812780234513,178.88674926757812,148.175
-247.319580078125,-0.6959589719772339,0.573130300595009,178.88392639160156,148.2
-247.32815551757812,-0.6957235336303711,0.21616228262415801,178.8863525390625,148.225
-247.32955932617188,-0.6956920623779297,0.0009515789887819315,178.8861541748047,148.25
-247.32958984375,-0.6956957578659058,0.0005246416597009957,178.8861541748047,148.275
-247.32969665527344,-0.6956932544708252,0.0014883324975430402,178.8861541748047,148.3
-247.32989501953125,-0.6956862211227417,0.0021805004943640746,178.8861541748047,148.325
-247.3301544189453,-0.6956762671470642,0.0026374048348933358,178.8861541748047,148.35
-247.33045959472656,-0.6956647038459778,0.0028961530206973868,178.88616943359375,148.375
-247.33078002929688,-0.695652425289154,0.0029891864311721982,178.88616943359375,148.4
-247.3311004638672,-0.6956399083137512,0.002949457670603364,178.88616943359375,148.425
-247.3314208984375,-0.6956278681755066,0.0028083656740913922,178.8861846923828,148.45
-247.33169555664062,-0.6956166625022888,0.0025927169149988286,178.8861846923828,148.475
-247.3319549560547,-0.695606529712677,0.0023265603196169085,178.8861846923828,148.5
-247.33216857910156,-0.6955975890159607,0.0020310143707496855,178.8861846923828,148.525
-247.3323211669922,-0.6955901384353638,0.0017236322867884074,178.88619995117188,148.55
-247.33245849609375,-0.6955837607383728,0.0014189157873140499,178.88619995117188,148.575
-247.3325653076172,-0.6955787539482117,0.0011278995304201667,178.88619995117188,148.6
-247.3326873779297,-0.6955748796463013,0.0008587351657702196,178.88619995117188,148.625
-247.33279418945312,-0.6955719590187073,0.0006168473683975032,178.88619995117188,148.65
-247.3328399658203,-0.6955698728561401,0.000405602533076508,178.88619995117188,148.675
-247.3328857421875,-0.6955684423446655,0.00022629733932888154,178.88619995117188,148.7
-247.3328857421875,-0.695567786693573,7.887390063819792e-05,178.88619995117188,148.725
-247.3328857421875,-0.6955674290657043,3.8347701697132566e-05,178.88619995117188,148.75
-247.3328857421875,-0.6955676674842834,0.00012759652185833243,178.88619995117188,148.775
-247.3328857421875,-0.6955678462982178,7.411050533487234e-05,178.88619995117188,148.8
-247.33287048339844,-0.695568323135376,0.0001495082986712091,178.88619995117188,148.825
-247.3328399658203,-0.695568859577179,0.0002020360316591342,178.88619995117188,148.85
-247.3328094482422,-0.6955694556236267,0.00023497680702783418,178.88619995117188,148.875
-247.332763671875,-0.6955702304840088,0.0002513835005931142,178.88619995117188,148.9
-247.33274841308594,-0.6955709457397461,0.0002544774349104228,178.88619995117188,148.925
-247.33270263671875,-0.6955716609954834,0.00024698634189437597,178.88619995117188,148.95
-247.3326873779297,-0.6955723166465759,0.00023177317682926662,178.88619995117188,148.975
-247.33265686035156,-0.6955728530883789,0.0002111730127540542,178.88619995117188,149.0
-247.33262634277344,-0.6955733895301819,0.00018700330644970322,178.88619995117188,149.025
-247.33261108398438,-0.6955738663673401,0.00016120244324531455,178.88619995117188,149.05
-247.3325958251953,-0.6955743432044983,0.00013504379135513163,178.88619995117188,149.075
-247.3325653076172,-0.6955747008323669,0.00010954975843202189,178.88619995117188,149.1
-247.3325653076172,-0.6955750584602356,8.588937046249921e-05,178.88619995117188,149.125
-247.33255004882812,-0.695575475692749,6.418050427746316e-05,178.88619995117188,149.15
-247.33255004882812,-0.6955757737159729,4.4521638365511306e-05,178.88619995117188,149.175
-247.33255004882812,-0.6955757737159729,0.0,178.88619995117188,149.2
-247.33255004882812,-0.695576012134552,5.4956828371594735e-06,178.88619995117188,149.225
-247.33255004882812,-0.695576012134552,1.1152622548878062e-05,178.88619995117188,149.25
-247.33255004882812,-0.6955758333206177,1.46854068526118e-05,178.88619995117188,149.275
-247.33255004882812,-0.6955758333206177,1.7226601239234425e-05,178.88619995117188,149.3
-247.33255004882812,-0.6955758333206177,1.8102744307093373e-05,178.88619995117188,149.325
-247.33255004882812,-0.6955758333206177,1.855010987694493e-05,178.88619995117188,149.35
-247.33255004882812,-0.6955758333206177,1.803041460254645e-05,178.88619995117188,149.375
-247.33255004882812,-0.6955759525299072,1.6904989813902593e-05,178.88619995117188,149.4
-247.3325653076172,-0.6955759525299072,1.5410453589688006e-05,178.88619995117188,149.425
-247.3325653076172,-0.6955759525299072,1.365051051350773e-05,178.88619995117188,149.45
-247.3325653076172,-0.6955759525299072,1.1768846406229186e-05,178.88619995117188,149.475
-247.3325653076172,-0.6955758333206177,9.861090413273926e-06,178.88619995117188,149.5
-247.3325653076172,-0.6955758333206177,7.981716656498326e-06,178.88619995117188,149.525
-247.3325653076172,-0.6955757737159729,6.23942189424006e-06,178.88619995117188,149.55
-247.3325653076172,-0.6955757737159729,4.662917063257783e-06,178.88619995117188,149.575
-247.3325653076172,-0.6955757737159729,3.23575859820337e-06,178.88619995117188,149.6
-247.3325653076172,-0.6955757737159729,3.9312219554647724e-08,178.88619995117188,149.625
-247.3325653076172,-0.6955757737159729,4.784891898520194e-07,178.88619995117188,149.65
-247.3325653076172,-0.6955757737159729,8.604917343433981e-07,178.88619995117188,149.675
-247.3325653076172,-0.6955757737159729,1.0402117487574512e-06,178.88619995117188,149.7
-247.3325653076172,-0.6955757737159729,1.1916329699483891e-06,178.88619995117188,149.725
-247.3325653076172,-0.6955757737159729,1.2412302106676582e-06,178.88619995117188,149.75
-247.3325653076172,-0.6955757737159729,1.2489310173796035e-06,178.88619995117188,149.775
-247.3325653076172,-0.6955757737159729,1.2315634200552533e-06,178.88619995117188,149.8
-247.3325653076172,-0.6955757737159729,1.1276858946866006e-06,178.88619995117188,149.825
-247.3325653076172,-0.6955757737159729,1.0078709235186878e-06,178.88619995117188,149.85
-247.3325653076172,-0.6955757737159729,8.810783313789995e-07,178.88619995117188,149.875
-247.3325653076172,-0.6955757737159729,7.642140339864383e-07,178.88619995117188,149.9
-247.3325653076172,-0.6955757737159729,6.590410558014377e-07,178.88619995117188,149.925
-247.3325653076172,-0.6955757737159729,5.181506935759862e-07,178.88619995117188,149.95
-247.3325653076172,-0.6955757737159729,3.936584722274582e-07,178.88619995117188,149.975
-247.3325653076172,-0.6955757737159729,2.9061413430815534e-07,178.88619995117188,150.0
-247.3325653076172,-0.6955757737159729,1.808588236760786e-07,178.88619995117188,150.025
-247.3325653076172,-0.6955757737159729,4.6198920468200846e-08,178.88619995117188,150.05
-247.3325653076172,-0.6955757737159729,2.793370174942623e-08,178.88619995117188,150.075
-247.3325653076172,-0.6955757737159729,1.0097997357866991e-07,178.88619995117188,150.1
-247.3325653076172,-0.6955757737159729,5.570015539696454e-08,178.88619995117188,150.125
-247.3325653076172,-0.6955757737159729,1.023367625835281e-07,178.88619995117188,150.15
-247.3325653076172,-0.6955757737159729,6.917490582141443e-07,178.88619995117188,150.175
-247.3325653076172,-0.6955757737159729,7.524745189768999e-07,178.88619995117188,150.2
-247.3325653076172,-0.6955757737159729,6.327511132832921e-07,178.88619995117188,150.225
-247.3325653076172,-0.6955757737159729,9.438354956060738e-08,178.88619995117188,150.25
-247.3325653076172,-0.6955757737159729,1.199625688233387e-07,178.88619995117188,150.275
-247.3325653076172,-0.6955757737159729,9.039751479516437e-08,178.88619995117188,150.3
-247.3325653076172,-0.6955757737159729,1.1815879916627837e-07,178.88619995117188,150.325
-247.3325653076172,-0.6955757737159729,2.7897256788009064e-07,178.88619995117188,150.35
-247.3325653076172,-0.6955757737159729,1.8224985655547832e-07,178.88619995117188,150.375
-247.3325653076172,-0.6955757737159729,1.7182862230562034e-07,178.88619995117188,150.4
-247.3325653076172,-0.6955757737159729,2.797229788981594e-07,178.88619995117188,150.425
-247.3325653076172,-0.6955757737159729,0.0,178.88619995117188,150.45
-247.3325653076172,-0.6955757737159729,2.578968622174854e-07,178.88619995117188,150.475
-247.3325653076172,-0.6955757737159729,5.958530473979887e-07,178.88619995117188,150.5
-247.3325653076172,-0.6955757737159729,6.192542082010015e-07,178.88619995117188,150.525
-247.3325653076172,-0.6955757737159729,3.7113887736890675e-07,178.88619995117188,150.55
-247.3325653076172,-0.6955757737159729,3.194183542894195e-07,178.88619995117188,150.575
-247.3325653076172,-0.6955757737159729,3.395867057988914e-07,178.88619995117188,150.6
-247.3325653076172,-0.6955757737159729,2.2717583823523086e-07,178.88619995117188,150.625
-247.3325653076172,-0.6955757737159729,3.155220618603105e-07,178.88619995117188,150.65
-247.3325653076172,-0.6955757737159729,2.420690534689824e-07,178.88619995117188,150.675
-247.3325653076172,-0.6955757737159729,2.6445630687674154e-07,178.88619995117188,150.7
-247.3325653076172,-0.6955757737159729,2.268220675807364e-07,178.88619995117188,150.725
-247.3325653076172,-0.6955757737159729,1.6435868606802434e-07,178.88619995117188,150.75
-247.3325653076172,-0.6955757737159729,1.232719861905712e-07,178.88619995117188,150.775
-247.3325653076172,-0.6955757737159729,1.1736836371126788e-07,178.88619995117188,150.8
-247.3325653076172,-0.6955757737159729,5.752950308546234e-08,178.88619995117188,150.825
-247.3325653076172,-0.6955757737159729,9.021219824492241e-08,178.88619995117188,150.85
-247.3325653076172,-0.6955757737159729,5.646834746187198e-09,178.88619995117188,150.875
-247.3325653076172,-0.6955757737159729,2.953353510173496e-08,178.88619995117188,150.9
-247.3325653076172,-0.6955757737159729,4.8897270560115635e-08,178.88619995117188,150.925
-247.3325653076172,-0.6955757737159729,3.100329456940406e-08,178.88619995117188,150.95
-247.3325653076172,-0.6955757737159729,1.9643311167782893e-08,178.88619995117188,150.975
-247.3325653076172,-0.6955757737159729,4.218408843775087e-08,178.88619995117188,151.0
-247.3325653076172,-0.6955757737159729,7.630542999411774e-09,178.88619995117188,151.025
-247.3325653076172,-0.6955757737159729,5.149917067191376e-08,178.88619995117188,151.05
-247.3325653076172,-0.6955757737159729,2.1253288298097348e-08,178.88619995117188,151.075
-247.3325653076172,-0.6955757737159729,1.7549916274987577e-08,178.88619995117188,151.1
-247.3325653076172,-0.6955757737159729,6.371667227306738e-09,178.88619995117188,151.125
-247.3325653076172,-0.6955757737159729,5.9589239503435094e-09,178.88619995117188,151.15
-247.3325653076172,-0.6955757737159729,1.1297344896330676e-08,178.88619995117188,151.175
-247.3325653076172,-0.6955757737159729,4.1523322081491204e-08,178.88619995117188,151.2
-247.3325653076172,-0.6955757737159729,9.134580660053143e-09,178.88619995117188,151.225
-247.3325653076172,-0.6955757737159729,1.518083419941011e-08,178.88619995117188,151.25
-247.3325653076172,-0.6955757737159729,3.01795726306398e-08,178.88619995117188,151.275
-247.3325653076172,-0.6955757737159729,5.701550162554536e-08,178.88619995117188,151.3
-247.3325653076172,-0.6955757737159729,3.3308277394488306e-08,178.88619995117188,151.325
-247.3325653076172,-0.6955757737159729,2.4308470075348758e-08,178.88619995117188,151.35
-247.3325653076172,-0.6955757737159729,3.4464339263488096e-08,178.88619995117188,151.375
-247.3325653076172,-0.6955757737159729,1.6072079352426383e-08,178.88619995117188,151.4
-247.3325653076172,-0.6955757737159729,3.160285424317461e-08,178.88619995117188,151.425
-247.3325653076172,-0.6955757737159729,3.3866919552997165e-08,178.88619995117188,151.45
-247.3325653076172,-0.6955757737159729,2.1204374365582688e-08,178.88619995117188,151.475
-247.3325653076172,-0.6955757737159729,7.54700680826063e-08,178.88619995117188,151.5
-247.3325653076172,-0.6955757737159729,3.4132623063334004e-08,178.88619995117188,151.525
-247.3325653076172,-0.6955757737159729,2.107444564029981e-08,178.88619995117188,151.55
-247.3325653076172,-0.6955757737159729,1.3102001624320714e-08,178.88619995117188,151.575
-247.3325653076172,-0.6955757737159729,1.37962835304648e-08,178.88619995117188,151.6
-247.3325653076172,-0.6955757737159729,2.3824659508276173e-08,178.88619995117188,151.625
-247.3325653076172,-0.6955757737159729,5.4185684773031806e-08,178.88619995117188,151.65
-247.3325653076172,-0.6955757737159729,5.259848913224028e-08,178.88619995117188,151.675
-247.3325653076172,-0.6955757737159729,0.0,178.88619995117188,151.7
-247.3325653076172,-0.6955757737159729,8.56039892643609e-09,178.88619995117188,151.725
-247.3325653076172,-0.6955757737159729,6.147563952417575e-08,178.88619995117188,151.75
-247.3325653076172,-0.6955757737159729,3.854614371934322e-08,178.88619995117188,151.775
-247.3325653076172,-0.6955757737159729,2.6088202277566642e-08,178.88619995117188,151.8
-247.3325653076172,-0.6955757737159729,2.5298579947223017e-08,178.88619995117188,151.825
-247.3325653076172,-0.6955757737159729,2.442967043750268e-07,178.88619995117188,151.85
-247.3325653076172,-0.6955757737159729,2.1813489196806344e-07,178.88619995117188,151.875
-247.3325653076172,-0.6955757737159729,2.037135330959334e-07,178.88619995117188,151.9
-247.3325653076172,-0.6955757737159729,1.7506987916957224e-07,178.88619995117188,151.925
-247.3325653076172,-0.6955757737159729,1.684979739244732e-07,178.88619995117188,151.95
-247.3325653076172,-0.6955757737159729,8.006703350418838e-08,178.88619995117188,151.975
-247.3325653076172,-0.6955757737159729,9.100092923585578e-08,178.88619995117188,152.0
-247.3325653076172,-0.6955757737159729,4.9545990628025474e-08,178.88619995117188,152.025
-247.3325653076172,-0.6955757737159729,3.377560980957046e-07,178.88619995117188,152.05
-247.3325653076172,-0.6955757737159729,3.1657482780691055e-07,178.88619995117188,152.075
-247.3325653076172,-0.6955757737159729,1.3201269405480876e-07,178.88619995117188,152.1
-247.3325653076172,-0.6955757737159729,6.421967731000761e-08,178.88619995117188,152.125
-247.3325653076172,-0.6955757737159729,2.708206625162676e-07,178.88619995117188,152.15
-247.3325653076172,-0.6955757737159729,1.8994732931624052e-07,178.88619995117188,152.175
-247.3325653076172,-0.6955757737159729,4.6130855266310555e-07,178.88619995117188,152.2
-247.3325653076172,-0.6955757737159729,4.618049843397859e-07,178.88619995117188,152.225
-247.3325653076172,-0.6955757737159729,3.4133410733419454e-07,178.88619995117188,152.25
-247.3325653076172,-0.6955757737159729,1.6959714497878066e-07,178.88619995117188,152.275
-247.3325653076172,-0.6955757737159729,4.777940221594064e-07,178.88619995117188,152.3
-247.3325653076172,-0.6955757737159729,2.0670471955485058e-07,178.88619995117188,152.325
-247.3325653076172,-0.6955757737159729,3.0482535454897475e-07,178.88619995117188,152.35
-247.3325653076172,-0.6955757737159729,6.87754819776587e-07,178.88619995117188,152.375
-247.3325653076172,-0.6955757737159729,2.0248178544497948e-07,178.88619995117188,152.4
-247.3325653076172,-0.6955757737159729,5.384462457114022e-07,178.88619995117188,152.425
-247.3325653076172,-0.6955757737159729,2.863516044194777e-07,178.88619995117188,152.45
-247.3325653076172,-0.6955757737159729,3.3593202285518034e-07,178.88619995117188,152.475
-247.3325653076172,-0.6955757737159729,3.6206373988574284e-07,178.88619995117188,152.5
-247.3325653076172,-0.6955757737159729,2.485074832177333e-07,178.88619995117188,152.525
-247.3325653076172,-0.6955757737159729,7.609309706679946e-07,178.88619995117188,152.55
-247.3325653076172,-0.6955757737159729,7.044553109358722e-07,178.88619995117188,152.575
-247.3325653076172,-0.6955757737159729,5.937272640224412e-07,178.88619995117188,152.6
-247.3325653076172,-0.6955757737159729,5.647889102082618e-07,178.88619995117188,152.625
-247.3325653076172,-0.6955757737159729,3.390089091313285e-07,178.88619995117188,152.65
-247.3325653076172,-0.6955757737159729,2.9140366315316196e-07,178.88619995117188,152.675
-247.3325653076172,-0.6955757737159729,4.3835637316589605e-07,178.88619995117188,152.7
-247.3325653076172,-0.6955757737159729,3.1831261262027693e-07,178.88619995117188,152.725
-247.3325653076172,-0.6955757737159729,5.347779442394547e-07,178.88619995117188,152.75
-247.3325653076172,-0.6955757737159729,3.324567802453137e-07,178.88619995117188,152.775
-247.3325653076172,-0.6955757737159729,7.013791398406938e-07,178.88619995117188,152.8
-247.3325653076172,-0.6955757737159729,3.050434300711224e-07,178.88619995117188,152.825
-247.3325653076172,-0.6955757737159729,5.653844162195315e-07,178.88619995117188,152.85
-247.3325653076172,-0.6955757737159729,2.076629143637222e-07,178.88619995117188,152.875
-247.3325653076172,-0.6955757737159729,3.579427434389032e-07,178.88619995117188,152.9
-247.3325653076172,-0.6955757737159729,3.358944883185469e-07,178.88619995117188,152.925
-247.3325653076172,-0.6955757737159729,0.0,178.88619995117188,152.95
-247.3325653076172,-0.6955757737159729,3.551985498001059e-07,178.88619995117188,152.975
-247.3325653076172,-0.6955757737159729,3.3738407245227205e-07,178.88619995117188,153.0
-247.3325653076172,-0.6955757737159729,1.5949474189046035e-07,178.88619995117188,153.025
-247.3325653076172,-0.6955757737159729,1.7227777124691918e-07,178.88619995117188,153.05
-247.3325653076172,-0.6955757737159729,1.3359395193362823e-07,178.88619995117188,153.075
-247.3325653076172,-0.6955757737159729,7.21110672502267e-08,178.88619995117188,153.1
-247.3325653076172,-0.6955757737159729,1.0089484493782749e-07,178.88619995117188,153.125
-247.3325653076172,-0.6955757737159729,5.485428486309549e-08,178.88619995117188,153.15
-247.3325653076172,-0.6955757737159729,5.193421604937166e-08,178.88619995117188,153.175
-247.3325958251953,-0.6955747604370117,0.019166634678310042,178.88619995117188,153.2
-247.3329315185547,-0.6955664157867432,0.029589053526763418,178.88609313964844,153.225
-247.3328857421875,-0.695567786693573,0.017312914329341473,178.8861541748047,153.25
-247.33338928222656,-0.6955551505088806,0.03888121302836228,178.8860626220703,153.275
-247.3337860107422,-0.695545494556427,0.005805739427685145,178.88597106933594,153.3
-247.33531188964844,-0.6955078840255737,0.09057819557738589,178.8857421875,153.325
-247.33761596679688,-0.695492684841156,0.10326235745822242,178.87937927246094,153.35
-247.3418731689453,-0.6954129338264465,0.18785052654576231,178.8721923828125,153.375
-247.34779357910156,-0.6952833533287048,0.25431195092567777,178.8649139404297,153.4
-247.35548400878906,-0.6951087713241577,0.3307329187006227,178.85821533203125,153.425
-247.3651123046875,-0.6949340105056763,0.4157832800007667,178.8455810546875,153.45
-247.3774871826172,-0.6946213245391846,0.5238068623412561,178.8439178466797,153.475
-247.39285278320312,-0.6942439675331116,0.6463871676417086,178.8421630859375,153.5
-247.4111328125,-0.6938044428825378,0.7647363605313257,178.8385009765625,153.525
-247.4324951171875,-0.6932769417762756,0.8884903652365532,178.83641052246094,153.55
-247.4569854736328,-0.6926804184913635,1.0136912355050112,178.83311462402344,153.575
-247.48455810546875,-0.6920064687728882,1.1379666763589356,178.82969665527344,153.6
-247.51524353027344,-0.6912556290626526,1.2619601326599004,178.825927734375,153.625
-247.5489959716797,-0.6904276013374329,1.3856819899331911,178.82180786132812,153.65
-247.5858154296875,-0.6895220875740051,1.5091357324930004,178.81727600097656,153.675
-247.62570190429688,-0.6885384321212769,1.6323229059413673,178.8124237060547,153.7
-247.66864013671875,-0.6874763369560242,1.7552422827828082,178.80718994140625,153.725
-247.71463012695312,-0.686335027217865,1.8778929196865868,178.8015899658203,153.75
-247.76364135742188,-0.6851144433021545,2.0002730516585316,178.7956085205078,153.775
-247.8157196044922,-0.6838140487670898,2.1223811821991476,178.7893524169922,153.8
-247.87081909179688,-0.6824352741241455,2.244215959504729,178.78285217285156,153.825
-247.928955078125,-0.6809794306755066,2.365776370493695,178.77610778808594,153.85
-247.9901123046875,-0.6794458627700806,2.4870616049368146,178.7692108154297,153.875
-248.0542449951172,-0.6778371930122375,2.6080722785465364,178.76220703125,153.9
-248.1214599609375,-0.676155149936676,2.728809261865636,178.7552032470703,153.925
-248.19163513183594,-0.6743992567062378,2.8492713674766077,178.74819946289062,153.95
-248.2648162841797,-0.672573983669281,2.969461139130559,178.74134826660156,153.975
-248.34103393554688,-0.6706809997558594,3.089379038382906,178.7346954345703,154.0
-248.42022705078125,-0.66872239112854,3.2090271676234883,178.72836303710938,154.025
-248.50241088867188,-0.6667002439498901,3.3284062969064916,178.72238159179688,154.05
-248.5875701904297,-0.664617657661438,3.4475176237746403,178.71688842773438,154.075
-248.67567443847656,-0.6624820828437805,3.566363215292666,178.7120819091797,154.1
-248.7667694091797,-0.6602939963340759,3.684944987658587,178.7079620361328,154.125
-248.86080932617188,-0.65807044506073,3.8032625810327927,178.7050323486328,154.15
-248.95782470703125,-0.6558226346969604,3.9213180489021138,178.7036590576172,154.175
-249.0577850341797,-0.6535539031028748,4.039111974200669,178.703857421875,154.2
-249.16067504882812,-0.6512655019760132,4.15664721413898,178.7055206298828,154.225
-249.26649475097656,-0.6489533185958862,4.273924897720237,178.70848083496094,154.25
-249.37527465820312,-0.6466113328933716,4.390946935597942,178.71240234375,154.275
-249.48696899414062,-0.6442320346832275,4.507714221957945,178.71693420410156,154.3
-249.6015625,-0.6418083310127258,4.624227611217843,178.72181701660156,154.325
-249.7190704345703,-0.6393369436264038,4.740486826880181,178.72691345214844,154.35
-249.83950805664062,-0.6368178129196167,4.85649267763454,178.73216247558594,154.375
-249.9628143310547,-0.6342542767524719,4.972245495623108,178.73770141601562,154.4
-250.08900451660156,-0.6316515803337097,5.087792054920388,178.7435760498047,154.425
-250.2180938720703,-0.629033625125885,5.203026435381425,178.7506561279297,154.45
-250.35006713867188,-0.6264301538467407,5.318001790164039,178.75978088378906,154.475
-250.48489379882812,-0.6238572001457214,5.432722102185507,178.77134704589844,154.5
-250.62258911132812,-0.6213594079017639,5.5471693060896525,178.78671264648438,154.525
-250.76315307617188,-0.6189632415771484,5.661358443853465,178.80633544921875,154.55
-250.90655517578125,-0.6166890859603882,5.775285666517098,178.83058166503906,154.575
-251.0528106689453,-0.6145399212837219,5.8889700414364965,178.85910034179688,154.6
-251.20193481445312,-0.6125409603118896,6.002382972686152,178.89222717285156,154.625
-251.3538360595703,-0.6107140183448792,6.115540148499857,178.93031311035156,154.65
-251.5085906982422,-0.6090669631958008,6.228452550527242,178.97299194335938,154.675
-251.66612243652344,-0.607610821723938,6.341112680512281,179.0201873779297,154.7
-251.8264923095703,-0.6063438653945923,6.453541448984355,179.07118225097656,154.725
-251.9896697998047,-0.6052924990653992,6.56569736971243,179.1264190673828,154.75
-252.15565490722656,-0.6044638752937317,6.677624357689517,179.18551635742188,154.775
-252.32444763183594,-0.6038892865180969,6.78927099832264,179.2490692138672,154.8
-252.49603271484375,-0.6036003828048706,6.900659576552955,179.31748962402344,154.825
-252.67037963867188,-0.6036208271980286,7.011793614175374,179.3909454345703,154.85
-252.84751892089844,-0.6039807200431824,7.122661660095787,179.46978759765625,154.875
-253.0273895263672,-0.6047117710113525,7.233266549550791,179.5543212890625,154.9
-253.2100372314453,-0.6058520078659058,7.343595260575614,179.64505004882812,154.925
-253.39544677734375,-0.6074226498603821,7.453687886631216,179.7418212890625,154.95
-253.58358764648438,-0.6094701886177063,7.563474579008973,179.84535217285156,154.975
-253.7744598388672,-0.6120352745056152,7.673000496088851,179.9559783935547,155.0
-253.96807861328125,-0.6151036620140076,7.78246393148429,-179.9266815185547,155.025
-254.16441345214844,-0.6187796592712402,7.891558924292725,-179.80300903320312,155.05
-254.36343383789062,-0.6230366230010986,8.000350530330445,-179.67298889160156,155.075
-254.56517028808594,-0.6278995275497437,8.108912770437922,-179.53695678710938,155.1
-254.7696075439453,-0.6334210634231567,8.21715655476873,-179.394287109375,155.125
-254.97671508789062,-0.6396555304527283,8.325116496028551,-179.2443389892578,155.15
-255.1864776611328,-0.6466497182846069,8.43279726849183,-179.08677673339844,155.175
-255.3988800048828,-0.6544569730758667,8.540176149931705,-178.92105102539062,155.2
-255.61398315429688,-0.663111686706543,8.64732963883692,-178.74745178222656,155.225
-255.83168029785156,-0.6726861596107483,8.754093583320083,-178.56484985351562,155.25
-256.052001953125,-0.683228611946106,8.860628871701037,-178.3732147216797,155.275
-256.2749328613281,-0.6948210597038269,8.96673534776705,-178.17129516601562,155.3
-256.5004577636719,-0.70755535364151,9.072461752220551,-177.95767211914062,155.325
-256.7285461425781,-0.7214928865432739,9.17791861926831,-177.732177734375,155.35
-256.95916748046875,-0.7367737889289856,9.282677999716439,-177.49200439453125,155.375
-257.19232177734375,-0.7535439133644104,9.38688833688215,-177.23439025878906,155.4
-257.42791748046875,-0.7719433307647705,9.490484813705178,-176.9571075439453,155.425
-257.6659851074219,-0.7921104431152344,9.593490047257019,-176.6583251953125,155.45
-257.9063720703125,-0.8141887187957764,9.695846941335985,-176.3364715576172,155.475
-258.1491394042969,-0.838349461555481,9.797367691498492,-175.98915100097656,155.5
-258.39422607421875,-0.8647826313972473,9.897967068189248,-175.6137237548828,155.525
-258.6414794921875,-0.89366614818573,9.997754034736662,-175.2083740234375,155.55
-258.8908996582031,-0.9252085089683533,10.096368517594252,-174.77052307128906,155.575
-259.14239501953125,-0.9596245288848877,10.193872899753364,-174.2978057861328,155.6
-259.3958740234375,-0.9971556663513184,10.2898900127381,-173.7871856689453,155.625
-259.6512145996094,-1.0379726886749268,10.385382940753008,-173.23878479003906,155.65
-259.9082946777344,-1.0823932886123657,10.477982144210603,-172.6473846435547,155.675
-260.1669616699219,-1.1307131052017212,10.568948769953444,-172.00904846191406,155.7
-260.4270324707031,-1.1831601858139038,10.658554609814033,-171.32310485839844,155.725
-260.6884460449219,-1.2399506568908691,10.746805602584326,-170.58932495117188,155.75
-260.95098876953125,-1.301324486732483,10.83324821357935,-169.80697631835938,155.775
-261.2144775390625,-1.3675038814544678,10.918359973210142,-168.97613525390625,155.8
-261.4787902832031,-1.4387065172195435,11.001925424995804,-168.09716796875,155.825
-261.7437744140625,-1.515084981918335,11.085314309602817,-167.17295837402344,155.85
-262.00921630859375,-1.5968663692474365,11.166205136452385,-166.2031707763672,155.875
-262.27490234375,-1.6842784881591797,11.24546662669657,-165.1873016357422,155.9
-262.5406188964844,-1.777446985244751,11.32503907280989,-164.12896728515625,155.925
-262.80621337890625,-1.8765592575073242,11.402233210453957,-163.02877807617188,155.95
